[05Jul2026 09:13:07.434] [main/INFO] [cpw.mods.modlauncher.Launcher/MODLAUNCHER]: ModLauncher running: args [--launchTarget, forgedatauserdev, --assetIndex, 5, --assetsDir, C:\Users\riley\.gradle\caches\forge_gradle\assets, --gameDir, ., --fml.forgeVersion, 47.2.1, --fml.mcVersion, 1.20.1, --fml.forgeGroup, net.minecraftforge, --fml.mcpVersion, 20230612.114412, --mod, tretackshop, --all, --output, C:\Users\riley\IdeaProjects\Tre-Tack-Shop--1.20.1\src\generated\resources, --existing, C:\Users\riley\IdeaProjects\Tre-Tack-Shop--1.20.1\src\main\resources]
[05Jul2026 09:13:07.438] [main/INFO] [cpw.mods.modlauncher.Launcher/MODLAUNCHER]: ModLauncher 10.0.9+10.0.9+main.dcd20f30 starting: java version 17.0.17 by Microsoft; OS Windows 11 arch amd64 version 10.0
[05Jul2026 09:13:07.469] [main/DEBUG] [cpw.mods.modlauncher.LaunchServiceHandler/MODLAUNCHER]: Found launch services [fmlclientdev,forgeclient,minecraft,forgegametestserverdev,fmlserveruserdev,fmlclient,fmldatauserdev,forgeserverdev,forgeserveruserdev,forgeclientdev,forgeclientuserdev,forgeserver,forgedatadev,fmlserver,fmlclientuserdev,fmlserverdev,forgedatauserdev,testharness,forgegametestserveruserdev]
[05Jul2026 09:13:07.482] [main/DEBUG] [cpw.mods.modlauncher.NameMappingServiceHandler/MODLAUNCHER]: Found naming services : [srgtomcp]
[05Jul2026 09:13:07.491] [main/DEBUG] [cpw.mods.modlauncher.LaunchPluginHandler/MODLAUNCHER]: Found launch plugins: [mixin,eventbus,slf4jfixer,object_holder_definalize,runtime_enum_extender,capability_token_subclass,accesstransformer,runtimedistcleaner]
[05Jul2026 09:13:07.501] [main/DEBUG] [cpw.mods.modlauncher.TransformationServicesHandler/MODLAUNCHER]: Discovering transformation services
[05Jul2026 09:13:07.506] [main/DEBUG] [net.minecraftforge.fml.loading.FMLPaths/CORE]: Path GAMEDIR is C:\Users\riley\IdeaProjects\Tre-Tack-Shop--1.20.1\run-data
[05Jul2026 09:13:07.507] [main/DEBUG] [net.minecraftforge.fml.loading.FMLPaths/CORE]: Path MODSDIR is C:\Users\riley\IdeaProjects\Tre-Tack-Shop--1.20.1\run-data\mods
[05Jul2026 09:13:07.507] [main/DEBUG] [net.minecraftforge.fml.loading.FMLPaths/CORE]: Path CONFIGDIR is C:\Users\riley\IdeaProjects\Tre-Tack-Shop--1.20.1\run-data\config
[05Jul2026 09:13:07.508] [main/DEBUG] [net.minecraftforge.fml.loading.FMLPaths/CORE]: Path FMLCONFIG is C:\Users\riley\IdeaProjects\Tre-Tack-Shop--1.20.1\run-data\config\fml.toml
[05Jul2026 09:13:07.530] [main/WARN] [net.minecraftforge.fml.loading.FMLConfig/CORE]: Configuration file C:\Users\riley\IdeaProjects\Tre-Tack-Shop--1.20.1\run-data\config\fml.toml is not correct. Correcting
[05Jul2026 09:13:07.532] [main/INFO] [net.minecraftforge.fml.loading.FMLConfig/CORE]: Incorrect key [earlyWindowSkipGLVersions] was corrected from null to []
[05Jul2026 09:13:07.532] [main/INFO] [net.minecraftforge.fml.loading.FMLConfig/CORE]: Incorrect key [earlyWindowSquir] was corrected from null to false
[05Jul2026 09:13:07.542] [main/DEBUG] [cpw.mods.modlauncher.TransformationServicesHandler/MODLAUNCHER]: Found additional transformation services from discovery services: 
[05Jul2026 09:13:07.549] [main/INFO] [net.minecraftforge.fml.loading.ImmediateWindowHandler/]: ImmediateWindowProvider not loading because launch target is forgedatauserdev
[05Jul2026 09:13:07.558] [main/DEBUG] [cpw.mods.modlauncher.TransformationServicesHandler/MODLAUNCHER]: Found transformer services : [mixin,fml]
[05Jul2026 09:13:07.558] [main/DEBUG] [cpw.mods.modlauncher.TransformationServicesHandler/MODLAUNCHER]: Transformation services loading
[05Jul2026 09:13:07.558] [main/DEBUG] [cpw.mods.modlauncher.TransformationServiceDecorator/MODLAUNCHER]: Loading service mixin
[05Jul2026 09:13:07.559] [main/DEBUG] [cpw.mods.modlauncher.TransformationServiceDecorator/MODLAUNCHER]: Loaded service mixin
[05Jul2026 09:13:07.559] [main/DEBUG] [cpw.mods.modlauncher.TransformationServiceDecorator/MODLAUNCHER]: Loading service fml
[05Jul2026 09:13:07.560] [main/DEBUG] [net.minecraftforge.fml.loading.LauncherVersion/CORE]: Found FMLLauncher version 1.0
[05Jul2026 09:13:07.560] [main/DEBUG] [net.minecraftforge.fml.loading.FMLLoader/CORE]: FML 1.0 loading
[05Jul2026 09:13:07.561] [main/DEBUG] [net.minecraftforge.fml.loading.FMLLoader/CORE]: FML found ModLauncher version : 10.0.9+10.0.9+main.dcd20f30
[05Jul2026 09:13:07.561] [main/DEBUG] [net.minecraftforge.fml.loading.FMLLoader/CORE]: FML found AccessTransformer version : 8.0.4+66+master.c09db6d7
[05Jul2026 09:13:07.561] [main/DEBUG] [net.minecraftforge.fml.loading.FMLLoader/CORE]: FML found EventBus version : 6.0.5+6.0.5+master.eb8e549b
[05Jul2026 09:13:07.562] [main/DEBUG] [net.minecraftforge.fml.loading.FMLLoader/CORE]: Found Runtime Dist Cleaner
[05Jul2026 09:13:07.563] [main/DEBUG] [net.minecraftforge.fml.loading.FMLLoader/CORE]: FML found CoreMod version : 5.0.1+15+master.dc5a2922
[05Jul2026 09:13:07.563] [main/DEBUG] [net.minecraftforge.fml.loading.FMLLoader/CORE]: Found ForgeSPI package implementation version 7.0.1+7.0.1+master.d2b38bf6
[05Jul2026 09:13:07.564] [main/DEBUG] [net.minecraftforge.fml.loading.FMLLoader/CORE]: Found ForgeSPI package specification 5
[05Jul2026 09:13:07.564] [main/DEBUG] [cpw.mods.modlauncher.TransformationServiceDecorator/MODLAUNCHER]: Loaded service fml
[05Jul2026 09:13:07.564] [main/DEBUG] [cpw.mods.modlauncher.TransformationServicesHandler/MODLAUNCHER]: Configuring option handling for services
[05Jul2026 09:13:07.572] [main/DEBUG] [cpw.mods.modlauncher.TransformationServicesHandler/MODLAUNCHER]: Transformation services initializing
[05Jul2026 09:13:07.574] [main/DEBUG] [cpw.mods.modlauncher.TransformationServiceDecorator/MODLAUNCHER]: Initializing transformation service mixin
[05Jul2026 09:13:07.588] [main/DEBUG] [mixin/]: MixinService [ModLauncher] was successfully booted in cpw.mods.cl.ModuleClassLoader@2667f029
[05Jul2026 09:13:07.602] [main/INFO] [mixin/]: SpongePowered MIXIN Subsystem Version=0.8.5 Source=union:/C:/Users/riley/.gradle/caches/modules-2/files-2.1/org.spongepowered/mixin/0.8.5/9d1c0c3a304ae6697ecd477218fa61b850bf57fc/mixin-0.8.5.jar%23128!/ Service=ModLauncher Env=CLIENT
[05Jul2026 09:13:07.607] [main/DEBUG] [mixin/]: Initialising Mixin Platform Manager
[05Jul2026 09:13:07.607] [main/DEBUG] [mixin/]: Adding mixin platform agents for container ModLauncher Root Container(ModLauncher:4f56a0a2)
[05Jul2026 09:13:07.607] [main/DEBUG] [mixin/]: Instancing new MixinPlatformAgentMinecraftForge for ModLauncher Root Container(ModLauncher:4f56a0a2)
[05Jul2026 09:13:07.608] [main/DEBUG] [mixin/]: MixinPlatformAgentMinecraftForge rejected container ModLauncher Root Container(ModLauncher:4f56a0a2)
[05Jul2026 09:13:07.608] [main/DEBUG] [mixin/]: Instancing new MixinPlatformAgentDefault for ModLauncher Root Container(ModLauncher:4f56a0a2)
[05Jul2026 09:13:07.609] [main/DEBUG] [mixin/]: MixinPlatformAgentDefault accepted container ModLauncher Root Container(ModLauncher:4f56a0a2)
[05Jul2026 09:13:07.610] [main/DEBUG] [cpw.mods.modlauncher.TransformationServiceDecorator/MODLAUNCHER]: Initialized transformation service mixin
[05Jul2026 09:13:07.611] [main/DEBUG] [cpw.mods.modlauncher.TransformationServiceDecorator/MODLAUNCHER]: Initializing transformation service fml
[05Jul2026 09:13:07.611] [main/DEBUG] [net.minecraftforge.fml.loading.FMLServiceProvider/CORE]: Setting up basic FML game directories
[05Jul2026 09:13:07.611] [main/DEBUG] [net.minecraftforge.fml.loading.FMLPaths/CORE]: Path GAMEDIR is C:\Users\riley\IdeaProjects\Tre-Tack-Shop--1.20.1\run-data
[05Jul2026 09:13:07.612] [main/DEBUG] [net.minecraftforge.fml.loading.FMLPaths/CORE]: Path MODSDIR is C:\Users\riley\IdeaProjects\Tre-Tack-Shop--1.20.1\run-data\mods
[05Jul2026 09:13:07.612] [main/DEBUG] [net.minecraftforge.fml.loading.FMLPaths/CORE]: Path CONFIGDIR is C:\Users\riley\IdeaProjects\Tre-Tack-Shop--1.20.1\run-data\config
[05Jul2026 09:13:07.612] [main/DEBUG] [net.minecraftforge.fml.loading.FMLPaths/CORE]: Path FMLCONFIG is C:\Users\riley\IdeaProjects\Tre-Tack-Shop--1.20.1\run-data\config\fml.toml
[05Jul2026 09:13:07.613] [main/DEBUG] [net.minecraftforge.fml.loading.FMLServiceProvider/CORE]: Loading configuration
[05Jul2026 09:13:07.616] [main/DEBUG] [net.minecraftforge.fml.loading.FMLServiceProvider/CORE]: Preparing ModFile
[05Jul2026 09:13:07.619] [main/DEBUG] [net.minecraftforge.fml.loading.FMLServiceProvider/CORE]: Preparing launch handler
[05Jul2026 09:13:07.619] [main/DEBUG] [net.minecraftforge.fml.loading.FMLLoader/CORE]: Using forgedatauserdev as launch service
[05Jul2026 09:13:07.631] [main/DEBUG] [net.minecraftforge.fml.loading.FMLLoader/CORE]: Received command line version data  : VersionInfo[forgeVersion=47.2.1, mcVersion=1.20.1, mcpVersion=20230612.114412, forgeGroup=net.minecraftforge]
[05Jul2026 09:13:07.634] [main/DEBUG] [cpw.mods.modlauncher.TransformationServiceDecorator/MODLAUNCHER]: Initialized transformation service fml
[05Jul2026 09:13:07.634] [main/DEBUG] [cpw.mods.modlauncher.NameMappingServiceHandler/MODLAUNCHER]: Current naming domain is 'mcp'
[05Jul2026 09:13:07.635] [main/DEBUG] [cpw.mods.modlauncher.NameMappingServiceHandler/MODLAUNCHER]: Identified name mapping providers {srg=srgtomcp:1234}
[05Jul2026 09:13:07.635] [main/DEBUG] [cpw.mods.modlauncher.TransformationServicesHandler/MODLAUNCHER]: Transformation services begin scanning
[05Jul2026 09:13:07.636] [main/DEBUG] [cpw.mods.modlauncher.TransformationServiceDecorator/MODLAUNCHER]: Beginning scan trigger - transformation service mixin
[05Jul2026 09:13:07.636] [main/DEBUG] [cpw.mods.modlauncher.TransformationServiceDecorator/MODLAUNCHER]: End scan trigger - transformation service mixin
[05Jul2026 09:13:07.637] [main/DEBUG] [cpw.mods.modlauncher.TransformationServiceDecorator/MODLAUNCHER]: Beginning scan trigger - transformation service fml
[05Jul2026 09:13:07.637] [main/DEBUG] [net.minecraftforge.fml.loading.FMLServiceProvider/CORE]: Initiating mod scan
[05Jul2026 09:13:07.648] [main/DEBUG] [net.minecraftforge.fml.loading.moddiscovery.ModListHandler/CORE]: Found mod coordinates from lists: []
[05Jul2026 09:13:07.652] [main/DEBUG] [net.minecraftforge.fml.loading.moddiscovery.ModDiscoverer/CORE]: Found Mod Locators : (mods folder:null),(maven libs:null),(exploded directory:null),(minecraft:null),(userdev classpath:null)
[05Jul2026 09:13:07.652] [main/DEBUG] [net.minecraftforge.fml.loading.moddiscovery.ModDiscoverer/CORE]: Found Dependency Locators : (JarInJar:null)
[05Jul2026 09:13:07.659] [main/DEBUG] [net.minecraftforge.fml.loading.targets.CommonLaunchHandler/CORE]: Got mod coordinates tretackshop%%C:\Users\riley\IdeaProjects\Tre-Tack-Shop--1.20.1\build\resources\main;tretackshop%%C:\Users\riley\IdeaProjects\Tre-Tack-Shop--1.20.1\build\classes\java\main from env
[05Jul2026 09:13:07.660] [main/DEBUG] [net.minecraftforge.fml.loading.targets.CommonLaunchHandler/CORE]: Found supplied mod coordinates [{tretackshop=[C:\Users\riley\IdeaProjects\Tre-Tack-Shop--1.20.1\build\resources\main, C:\Users\riley\IdeaProjects\Tre-Tack-Shop--1.20.1\build\classes\java\main]}]
[05Jul2026 09:13:07.921] [main/DEBUG] [net.minecraftforge.fml.loading.moddiscovery.ModFileInfo/LOADING]: Found valid mod file forge-1.20.1-47.2.1_mapped_parchment_2023.09.03-1.20.1-recomp.jar with {minecraft} mods - versions {1.20.1}
[05Jul2026 09:13:07.925] [main/DEBUG] [net.minecraftforge.fml.loading.moddiscovery.ModFileParser/LOADING]: Considering mod file candidate C:\Users\riley\.gradle\caches\modules-2\files-2.1\net.minecraftforge\javafmllanguage\1.20.1-47.2.1\cf7ffa37334b68b8b0d92a45cc5222f9c71394b8\javafmllanguage-1.20.1-47.2.1.jar
[05Jul2026 09:13:07.925] [main/WARN] [net.minecraftforge.fml.loading.moddiscovery.ModFileParser/LOADING]: Mod file C:\Users\riley\.gradle\caches\modules-2\files-2.1\net.minecraftforge\javafmllanguage\1.20.1-47.2.1\cf7ffa37334b68b8b0d92a45cc5222f9c71394b8\javafmllanguage-1.20.1-47.2.1.jar is missing mods.toml file
[05Jul2026 09:13:07.927] [main/DEBUG] [net.minecraftforge.fml.loading.moddiscovery.ModFileParser/LOADING]: Considering mod file candidate C:\Users\riley\.gradle\caches\modules-2\files-2.1\net.minecraftforge\lowcodelanguage\1.20.1-47.2.1\c0396469677b986ecb5a9b262f32a7dd4bd9ef1c\lowcodelanguage-1.20.1-47.2.1.jar
[05Jul2026 09:13:07.928] [main/WARN] [net.minecraftforge.fml.loading.moddiscovery.ModFileParser/LOADING]: Mod file C:\Users\riley\.gradle\caches\modules-2\files-2.1\net.minecraftforge\lowcodelanguage\1.20.1-47.2.1\c0396469677b986ecb5a9b262f32a7dd4bd9ef1c\lowcodelanguage-1.20.1-47.2.1.jar is missing mods.toml file
[05Jul2026 09:13:07.930] [main/DEBUG] [net.minecraftforge.fml.loading.moddiscovery.ModFileParser/LOADING]: Considering mod file candidate C:\Users\riley\.gradle\caches\modules-2\files-2.1\net.minecraftforge\mclanguage\1.20.1-47.2.1\23935fad3965a65e9edd0a5c1c629141cbb873aa\mclanguage-1.20.1-47.2.1.jar
[05Jul2026 09:13:07.930] [main/WARN] [net.minecraftforge.fml.loading.moddiscovery.ModFileParser/LOADING]: Mod file C:\Users\riley\.gradle\caches\modules-2\files-2.1\net.minecraftforge\mclanguage\1.20.1-47.2.1\23935fad3965a65e9edd0a5c1c629141cbb873aa\mclanguage-1.20.1-47.2.1.jar is missing mods.toml file
[05Jul2026 09:13:07.932] [main/DEBUG] [net.minecraftforge.fml.loading.moddiscovery.ModFileParser/LOADING]: Considering mod file candidate C:\Users\riley\.gradle\caches\modules-2\files-2.1\net.minecraftforge\fmlcore\1.20.1-47.2.1\ca36242b045010330a1cd61cadb3212a0404188\fmlcore-1.20.1-47.2.1.jar
[05Jul2026 09:13:07.932] [main/WARN] [net.minecraftforge.fml.loading.moddiscovery.ModFileParser/LOADING]: Mod file C:\Users\riley\.gradle\caches\modules-2\files-2.1\net.minecraftforge\fmlcore\1.20.1-47.2.1\ca36242b045010330a1cd61cadb3212a0404188\fmlcore-1.20.1-47.2.1.jar is missing mods.toml file
[05Jul2026 09:13:07.937] [main/DEBUG] [net.minecraftforge.fml.loading.moddiscovery.ModFileParser/LOADING]: Considering mod file candidate C:\Users\riley\IdeaProjects\Tre-Tack-Shop--1.20.1\build\resources\main
[05Jul2026 09:13:07.945] [main/DEBUG] [net.minecraftforge.fml.loading.moddiscovery.ModFileInfo/LOADING]: Found valid mod file main with {tretackshop} mods - versions {4.6.3--1.20.1}
[05Jul2026 09:13:07.948] [main/DEBUG] [net.minecraftforge.fml.loading.moddiscovery.ModFileParser/LOADING]: Considering mod file candidate /
[05Jul2026 09:13:07.951] [main/DEBUG] [net.minecraftforge.fml.loading.moddiscovery.ModFileInfo/LOADING]: Found valid mod file  with {forge} mods - versions {47.2.1}
[05Jul2026 09:13:07.968] [main/DEBUG] [net.minecraftforge.fml.loading.moddiscovery.ModFileParser/LOADING]: Considering mod file candidate C:\Users\riley\.gradle\caches\forge_gradle\deobf_dependencies\curse\maven\playeranimator-658587\4587214_mapped_parchment_2023.09.03-1.20.1\playeranimator-658587-4587214_mapped_parchment_2023.09.03-1.20.1.jar
[05Jul2026 09:13:07.970] [main/DEBUG] [net.minecraftforge.fml.loading.moddiscovery.ModFileInfo/LOADING]: Found valid mod file playeranimator-658587-4587214_mapped_parchment_2023.09.03-1.20.1.jar with {playeranimator} mods - versions {1.0.2-rc1+1.20}
[05Jul2026 09:13:07.973] [main/DEBUG] [net.minecraftforge.fml.loading.moddiscovery.ModFileParser/LOADING]: Considering mod file candidate C:\Users\riley\.gradle\caches\forge_gradle\deobf_dependencies\curse\maven\geckolib-388172\4756691_mapped_parchment_2023.09.03-1.20.1\geckolib-388172-4756691_mapped_parchment_2023.09.03-1.20.1.jar
[05Jul2026 09:13:07.975] [main/DEBUG] [net.minecraftforge.fml.loading.moddiscovery.ModFileInfo/LOADING]: Found valid mod file geckolib-388172-4756691_mapped_parchment_2023.09.03-1.20.1.jar with {geckolib} mods - versions {4.2.3}
[05Jul2026 09:13:07.984] [main/DEBUG] [net.minecraftforge.fml.loading.moddiscovery.ModFileParser/LOADING]: Considering mod file candidate C:\Users\riley\.gradle\caches\forge_gradle\deobf_dependencies\curse\maven\swem-582697\8095324_mapped_parchment_2023.09.03-1.20.1\swem-582697-8095324_mapped_parchment_2023.09.03-1.20.1.jar
[05Jul2026 09:13:07.985] [main/DEBUG] [net.minecraftforge.fml.loading.moddiscovery.ModFileInfo/LOADING]: Found valid mod file swem-582697-8095324_mapped_parchment_2023.09.03-1.20.1.jar with {swem} mods - versions {1.6.6}
[05Jul2026 09:13:07.987] [main/DEBUG] [net.minecraftforge.fml.loading.moddiscovery.ModFileParser/LOADING]: Considering mod file candidate C:\Users\riley\.gradle\caches\forge_gradle\deobf_dependencies\curse\maven\filters-api-998830\5570856_mapped_parchment_2023.09.03-1.20.1\filters-api-998830-5570856_mapped_parchment_2023.09.03-1.20.1.jar
[05Jul2026 09:13:07.989] [main/DEBUG] [net.minecraftforge.fml.loading.moddiscovery.ModFileInfo/LOADING]: Found valid mod file filters-api-998830-5570856_mapped_parchment_2023.09.03-1.20.1.jar with {filters} mods - versions {1.0.0+1.20.1}
[05Jul2026 09:13:07.991] [main/DEBUG] [net.minecraftforge.fml.loading.moddiscovery.ModFileParser/LOADING]: Considering mod file candidate C:\Users\riley\.gradle\caches\forge_gradle\deobf_dependencies\curse\maven\JEI-238222\4712868_mapped_parchment_2023.09.03-1.20.1\JEI-238222-4712868_mapped_parchment_2023.09.03-1.20.1.jar
[05Jul2026 09:13:07.992] [main/DEBUG] [net.minecraftforge.fml.loading.moddiscovery.ModFileInfo/LOADING]: Found valid mod file JEI-238222-4712868_mapped_parchment_2023.09.03-1.20.1.jar with {jei} mods - versions {15.2.0.27}
[05Jul2026 09:13:07.995] [main/DEBUG] [net.minecraftforge.fml.loading.moddiscovery.ModFileParser/LOADING]: Considering mod file candidate C:\Users\riley\.gradle\caches\forge_gradle\deobf_dependencies\curse\maven\jade-324717\6855440_mapped_parchment_2023.09.03-1.20.1\jade-324717-6855440_mapped_parchment_2023.09.03-1.20.1.jar
[05Jul2026 09:13:07.996] [main/DEBUG] [net.minecraftforge.fml.loading.moddiscovery.ModFileInfo/LOADING]: Found valid mod file jade-324717-6855440_mapped_parchment_2023.09.03-1.20.1.jar with {jade} mods - versions {11.13.2+forge}
[05Jul2026 09:13:07.998] [main/DEBUG] [net.minecraftforge.fml.loading.moddiscovery.ModFileParser/LOADING]: Considering mod file candidate C:\Users\riley\.gradle\caches\forge_gradle\deobf_dependencies\curse\maven\playeranimator-658587\4587214_mapped_parchment_2023.09.03-1.20.1\playeranimator-658587-4587214_mapped_parchment_2023.09.03-1.20.1.jar
[05Jul2026 09:13:07.999] [main/DEBUG] [net.minecraftforge.fml.loading.moddiscovery.ModFileInfo/LOADING]: Found valid mod file playeranimator-658587-4587214_mapped_parchment_2023.09.03-1.20.1.jar with {playeranimator} mods - versions {1.0.2-rc1+1.20}
[05Jul2026 09:13:08.001] [main/DEBUG] [net.minecraftforge.fml.loading.moddiscovery.ModFileParser/LOADING]: Considering mod file candidate C:\Users\riley\.gradle\caches\forge_gradle\deobf_dependencies\curse\maven\geckolib-388172\4756691_mapped_parchment_2023.09.03-1.20.1\geckolib-388172-4756691_mapped_parchment_2023.09.03-1.20.1.jar
[05Jul2026 09:13:08.002] [main/DEBUG] [net.minecraftforge.fml.loading.moddiscovery.ModFileInfo/LOADING]: Found valid mod file geckolib-388172-4756691_mapped_parchment_2023.09.03-1.20.1.jar with {geckolib} mods - versions {4.2.3}
[05Jul2026 09:13:08.008] [main/DEBUG] [net.minecraftforge.fml.loading.moddiscovery.ModFileParser/LOADING]: Considering mod file candidate C:\Users\riley\.gradle\caches\forge_gradle\deobf_dependencies\curse\maven\swem-582697\8095324_mapped_parchment_2023.09.03-1.20.1\swem-582697-8095324_mapped_parchment_2023.09.03-1.20.1.jar
[05Jul2026 09:13:08.009] [main/DEBUG] [net.minecraftforge.fml.loading.moddiscovery.ModFileInfo/LOADING]: Found valid mod file swem-582697-8095324_mapped_parchment_2023.09.03-1.20.1.jar with {swem} mods - versions {1.6.6}
[05Jul2026 09:13:08.011] [main/DEBUG] [net.minecraftforge.fml.loading.moddiscovery.ModFileParser/LOADING]: Considering mod file candidate C:\Users\riley\.gradle\caches\forge_gradle\deobf_dependencies\curse\maven\filters-api-998830\5570856_mapped_parchment_2023.09.03-1.20.1\filters-api-998830-5570856_mapped_parchment_2023.09.03-1.20.1.jar
[05Jul2026 09:13:08.012] [main/DEBUG] [net.minecraftforge.fml.loading.moddiscovery.ModFileInfo/LOADING]: Found valid mod file filters-api-998830-5570856_mapped_parchment_2023.09.03-1.20.1.jar with {filters} mods - versions {1.0.0+1.20.1}
[05Jul2026 09:13:08.014] [main/DEBUG] [net.minecraftforge.fml.loading.moddiscovery.ModFileParser/LOADING]: Considering mod file candidate C:\Users\riley\.gradle\caches\forge_gradle\deobf_dependencies\curse\maven\JEI-238222\4712868_mapped_parchment_2023.09.03-1.20.1\JEI-238222-4712868_mapped_parchment_2023.09.03-1.20.1.jar
[05Jul2026 09:13:08.016] [main/DEBUG] [net.minecraftforge.fml.loading.moddiscovery.ModFileInfo/LOADING]: Found valid mod file JEI-238222-4712868_mapped_parchment_2023.09.03-1.20.1.jar with {jei} mods - versions {15.2.0.27}
[05Jul2026 09:13:08.019] [main/DEBUG] [net.minecraftforge.fml.loading.moddiscovery.ModFileParser/LOADING]: Considering mod file candidate C:\Users\riley\.gradle\caches\forge_gradle\deobf_dependencies\curse\maven\jade-324717\6855440_mapped_parchment_2023.09.03-1.20.1\jade-324717-6855440_mapped_parchment_2023.09.03-1.20.1.jar
[05Jul2026 09:13:08.019] [main/DEBUG] [net.minecraftforge.fml.loading.moddiscovery.ModFileInfo/LOADING]: Found valid mod file jade-324717-6855440_mapped_parchment_2023.09.03-1.20.1.jar with {jade} mods - versions {11.13.2+forge}
[05Jul2026 09:13:08.026] [main/DEBUG] [net.minecraftforge.fml.loading.UniqueModListBuilder/]: Found 2 mods for first modid jade, selecting most recent based on version data
[05Jul2026 09:13:08.027] [main/DEBUG] [net.minecraftforge.fml.loading.UniqueModListBuilder/]: Selected file jade-324717-6855440_mapped_parchment_2023.09.03-1.20.1.jar for modid jade with version 11.13.2+forge
[05Jul2026 09:13:08.027] [main/DEBUG] [net.minecraftforge.fml.loading.UniqueModListBuilder/]: Found 2 mods for first modid swem, selecting most recent based on version data
[05Jul2026 09:13:08.027] [main/DEBUG] [net.minecraftforge.fml.loading.UniqueModListBuilder/]: Selected file swem-582697-8095324_mapped_parchment_2023.09.03-1.20.1.jar for modid swem with version 1.6.6
[05Jul2026 09:13:08.027] [main/DEBUG] [net.minecraftforge.fml.loading.UniqueModListBuilder/]: Found 2 mods for first modid geckolib, selecting most recent based on version data
[05Jul2026 09:13:08.027] [main/DEBUG] [net.minecraftforge.fml.loading.UniqueModListBuilder/]: Selected file geckolib-388172-4756691_mapped_parchment_2023.09.03-1.20.1.jar for modid geckolib with version 4.2.3
[05Jul2026 09:13:08.027] [main/DEBUG] [net.minecraftforge.fml.loading.UniqueModListBuilder/]: Found 2 mods for first modid filters, selecting most recent based on version data
[05Jul2026 09:13:08.027] [main/DEBUG] [net.minecraftforge.fml.loading.UniqueModListBuilder/]: Selected file filters-api-998830-5570856_mapped_parchment_2023.09.03-1.20.1.jar for modid filters with version 1.0.0+1.20.1
[05Jul2026 09:13:08.027] [main/DEBUG] [net.minecraftforge.fml.loading.UniqueModListBuilder/]: Found 2 mods for first modid playeranimator, selecting most recent based on version data
[05Jul2026 09:13:08.027] [main/DEBUG] [net.minecraftforge.fml.loading.UniqueModListBuilder/]: Selected file playeranimator-658587-4587214_mapped_parchment_2023.09.03-1.20.1.jar for modid playeranimator with version 1.0.2-rc1+1.20
[05Jul2026 09:13:08.028] [main/DEBUG] [net.minecraftforge.fml.loading.UniqueModListBuilder/]: Found 2 mods for first modid jei, selecting most recent based on version data
[05Jul2026 09:13:08.028] [main/DEBUG] [net.minecraftforge.fml.loading.UniqueModListBuilder/]: Selected file JEI-238222-4712868_mapped_parchment_2023.09.03-1.20.1.jar for modid jei with version 15.2.0.27
[05Jul2026 09:13:08.035] [main/DEBUG] [net.minecraftforge.fml.loading.moddiscovery.AbstractJarFileDependencyLocator/]: Failed to load resource META-INF\jarjar\metadata.json from forge-1.20.1-47.2.1_mapped_parchment_2023.09.03-1.20.1-recomp.jar, it does not contain dependency information.
[05Jul2026 09:13:08.035] [main/DEBUG] [net.minecraftforge.fml.loading.moddiscovery.AbstractJarFileDependencyLocator/]: Failed to load resource META-INF\jarjar\metadata.json from main, it does not contain dependency information.
[05Jul2026 09:13:08.035] [main/DEBUG] [net.minecraftforge.fml.loading.moddiscovery.AbstractJarFileDependencyLocator/]: Failed to load resource META-INF\jarjar\metadata.json from , it does not contain dependency information.
[05Jul2026 09:13:08.036] [main/DEBUG] [net.minecraftforge.fml.loading.moddiscovery.AbstractJarFileDependencyLocator/]: Failed to load resource META-INF\jarjar\metadata.json from jade-324717-6855440_mapped_parchment_2023.09.03-1.20.1.jar, it does not contain dependency information.
[05Jul2026 09:13:08.036] [main/DEBUG] [net.minecraftforge.fml.loading.moddiscovery.AbstractJarFileDependencyLocator/]: Failed to load resource META-INF\jarjar\metadata.json from swem-582697-8095324_mapped_parchment_2023.09.03-1.20.1.jar, it does not contain dependency information.
[05Jul2026 09:13:08.036] [main/DEBUG] [net.minecraftforge.fml.loading.moddiscovery.AbstractJarFileDependencyLocator/]: Failed to load resource META-INF\jarjar\metadata.json from geckolib-388172-4756691_mapped_parchment_2023.09.03-1.20.1.jar, it does not contain dependency information.
[05Jul2026 09:13:08.036] [main/DEBUG] [net.minecraftforge.fml.loading.moddiscovery.AbstractJarFileDependencyLocator/]: Failed to load resource META-INF\jarjar\metadata.json from filters-api-998830-5570856_mapped_parchment_2023.09.03-1.20.1.jar, it does not contain dependency information.
[05Jul2026 09:13:08.036] [main/DEBUG] [net.minecraftforge.fml.loading.moddiscovery.AbstractJarFileDependencyLocator/]: Failed to load resource META-INF\jarjar\metadata.json from playeranimator-658587-4587214_mapped_parchment_2023.09.03-1.20.1.jar, it does not contain dependency information.
[05Jul2026 09:13:08.036] [main/DEBUG] [net.minecraftforge.fml.loading.moddiscovery.AbstractJarFileDependencyLocator/]: Failed to load resource META-INF\jarjar\metadata.json from JEI-238222-4712868_mapped_parchment_2023.09.03-1.20.1.jar, it does not contain dependency information.
[05Jul2026 09:13:08.036] [main/DEBUG] [net.minecraftforge.fml.loading.moddiscovery.AbstractJarFileDependencyLocator/]: Failed to load resource META-INF\jarjar\metadata.json from mclanguage-1.20.1-47.2.1.jar, it does not contain dependency information.
[05Jul2026 09:13:08.037] [main/DEBUG] [net.minecraftforge.fml.loading.moddiscovery.AbstractJarFileDependencyLocator/]: Failed to load resource META-INF\jarjar\metadata.json from javafmllanguage-1.20.1-47.2.1.jar, it does not contain dependency information.
[05Jul2026 09:13:08.037] [main/DEBUG] [net.minecraftforge.fml.loading.moddiscovery.AbstractJarFileDependencyLocator/]: Failed to load resource META-INF\jarjar\metadata.json from fmlcore-1.20.1-47.2.1.jar, it does not contain dependency information.
[05Jul2026 09:13:08.037] [main/DEBUG] [net.minecraftforge.fml.loading.moddiscovery.AbstractJarFileDependencyLocator/]: Failed to load resource META-INF\jarjar\metadata.json from lowcodelanguage-1.20.1-47.2.1.jar, it does not contain dependency information.
[05Jul2026 09:13:08.064] [main/INFO] [net.minecraftforge.fml.loading.moddiscovery.JarInJarDependencyLocator/]: No dependencies to load found. Skipping!
[05Jul2026 09:13:08.067] [main/DEBUG] [net.minecraftforge.fml.loading.moddiscovery.ModFileInfo/LOADING]: Found valid mod file forge-1.20.1-47.2.1_mapped_parchment_2023.09.03-1.20.1-recomp.jar with {minecraft} mods - versions {1.20.1}
[05Jul2026 09:13:08.069] [main/DEBUG] [net.minecraftforge.fml.loading.moddiscovery.ModFile/LOADING]: Loading mod file C:\Users\riley\.gradle\caches\forge_gradle\minecraft_user_repo\net\minecraftforge\forge\1.20.1-47.2.1_mapped_parchment_2023.09.03-1.20.1\forge-1.20.1-47.2.1_mapped_parchment_2023.09.03-1.20.1-recomp.jar with languages [LanguageSpec[languageName=minecraft, acceptedVersions=1]]
[05Jul2026 09:13:08.070] [main/DEBUG] [net.minecraftforge.fml.loading.moddiscovery.ModFileParser/LOADING]: Considering mod file candidate C:\Users\riley\IdeaProjects\Tre-Tack-Shop--1.20.1\build\resources\main
[05Jul2026 09:13:08.072] [main/DEBUG] [net.minecraftforge.fml.loading.moddiscovery.ModFileInfo/LOADING]: Found valid mod file main with {tretackshop} mods - versions {4.6.3--1.20.1}
[05Jul2026 09:13:08.072] [main/DEBUG] [net.minecraftforge.fml.loading.moddiscovery.ModFile/LOADING]: Loading mod file C:\Users\riley\IdeaProjects\Tre-Tack-Shop--1.20.1\build\resources\main with languages [LanguageSpec[languageName=javafml, acceptedVersions=[47,)]]
[05Jul2026 09:13:08.072] [main/DEBUG] [net.minecraftforge.fml.loading.moddiscovery.ModFileParser/LOADING]: Considering mod file candidate /
[05Jul2026 09:13:08.073] [main/DEBUG] [net.minecraftforge.fml.loading.moddiscovery.ModFileInfo/LOADING]: Found valid mod file  with {forge} mods - versions {47.2.1}
[05Jul2026 09:13:08.073] [main/DEBUG] [net.minecraftforge.fml.loading.moddiscovery.ModFile/LOADING]: Loading mod file / with languages [LanguageSpec[languageName=javafml, acceptedVersions=[24,]]]
[05Jul2026 09:13:08.110] [main/DEBUG] [net.minecraftforge.fml.loading.moddiscovery.ModFileParser/LOADING]: Found coremod field_to_method with Javascript path coremods/field_to_method.js
[05Jul2026 09:13:08.111] [main/DEBUG] [net.minecraftforge.fml.loading.moddiscovery.ModFileParser/LOADING]: Found coremod field_to_instanceof with Javascript path coremods/field_to_instanceof.js
[05Jul2026 09:13:08.111] [main/DEBUG] [net.minecraftforge.fml.loading.moddiscovery.ModFileParser/LOADING]: Found coremod add_bouncer_method with Javascript path coremods/add_bouncer_method.js
[05Jul2026 09:13:08.111] [main/DEBUG] [net.minecraftforge.fml.loading.moddiscovery.ModFileParser/LOADING]: Found coremod method_redirector with Javascript path coremods/method_redirector.js
[05Jul2026 09:13:08.111] [main/DEBUG] [net.minecraftforge.fml.loading.moddiscovery.ModFile/LOADING]: Found coremod coremods/field_to_method.js
[05Jul2026 09:13:08.111] [main/DEBUG] [net.minecraftforge.fml.loading.moddiscovery.ModFile/LOADING]: Found coremod coremods/field_to_instanceof.js
[05Jul2026 09:13:08.111] [main/DEBUG] [net.minecraftforge.fml.loading.moddiscovery.ModFile/LOADING]: Found coremod coremods/add_bouncer_method.js
[05Jul2026 09:13:08.111] [main/DEBUG] [net.minecraftforge.fml.loading.moddiscovery.ModFile/LOADING]: Found coremod coremods/method_redirector.js
[05Jul2026 09:13:08.111] [main/DEBUG] [net.minecraftforge.fml.loading.moddiscovery.ModFileParser/LOADING]: Considering mod file candidate C:\Users\riley\.gradle\caches\forge_gradle\deobf_dependencies\curse\maven\jade-324717\6855440_mapped_parchment_2023.09.03-1.20.1\jade-324717-6855440_mapped_parchment_2023.09.03-1.20.1.jar
[05Jul2026 09:13:08.112] [main/DEBUG] [net.minecraftforge.fml.loading.moddiscovery.ModFileInfo/LOADING]: Found valid mod file jade-324717-6855440_mapped_parchment_2023.09.03-1.20.1.jar with {jade} mods - versions {11.13.2+forge}
[05Jul2026 09:13:08.112] [main/DEBUG] [net.minecraftforge.fml.loading.moddiscovery.ModFile/LOADING]: Loading mod file C:\Users\riley\.gradle\caches\forge_gradle\deobf_dependencies\curse\maven\jade-324717\6855440_mapped_parchment_2023.09.03-1.20.1\jade-324717-6855440_mapped_parchment_2023.09.03-1.20.1.jar with languages [LanguageSpec[languageName=javafml, acceptedVersions=[46,)]]
[05Jul2026 09:13:08.113] [main/DEBUG] [net.minecraftforge.fml.loading.moddiscovery.ModFileParser/LOADING]: Considering mod file candidate C:\Users\riley\.gradle\caches\forge_gradle\deobf_dependencies\curse\maven\geckolib-388172\4756691_mapped_parchment_2023.09.03-1.20.1\geckolib-388172-4756691_mapped_parchment_2023.09.03-1.20.1.jar
[05Jul2026 09:13:08.113] [main/DEBUG] [net.minecraftforge.fml.loading.moddiscovery.ModFileInfo/LOADING]: Found valid mod file geckolib-388172-4756691_mapped_parchment_2023.09.03-1.20.1.jar with {geckolib} mods - versions {4.2.3}
[05Jul2026 09:13:08.113] [main/DEBUG] [net.minecraftforge.fml.loading.moddiscovery.ModFile/LOADING]: Loading mod file C:\Users\riley\.gradle\caches\forge_gradle\deobf_dependencies\curse\maven\geckolib-388172\4756691_mapped_parchment_2023.09.03-1.20.1\geckolib-388172-4756691_mapped_parchment_2023.09.03-1.20.1.jar with languages [LanguageSpec[languageName=javafml, acceptedVersions=[46,)]]
[05Jul2026 09:13:08.114] [main/DEBUG] [net.minecraftforge.fml.loading.moddiscovery.ModFileParser/LOADING]: Considering mod file candidate C:\Users\riley\.gradle\caches\forge_gradle\deobf_dependencies\curse\maven\swem-582697\8095324_mapped_parchment_2023.09.03-1.20.1\swem-582697-8095324_mapped_parchment_2023.09.03-1.20.1.jar
[05Jul2026 09:13:08.114] [main/DEBUG] [net.minecraftforge.fml.loading.moddiscovery.ModFileInfo/LOADING]: Found valid mod file swem-582697-8095324_mapped_parchment_2023.09.03-1.20.1.jar with {swem} mods - versions {1.6.6}
[05Jul2026 09:13:08.114] [main/DEBUG] [net.minecraftforge.fml.loading.moddiscovery.ModFile/LOADING]: Loading mod file C:\Users\riley\.gradle\caches\forge_gradle\deobf_dependencies\curse\maven\swem-582697\8095324_mapped_parchment_2023.09.03-1.20.1\swem-582697-8095324_mapped_parchment_2023.09.03-1.20.1.jar with languages [LanguageSpec[languageName=javafml, acceptedVersions=[47,)]]
[05Jul2026 09:13:08.114] [main/DEBUG] [net.minecraftforge.fml.loading.moddiscovery.ModFileParser/LOADING]: Considering mod file candidate C:\Users\riley\.gradle\caches\forge_gradle\deobf_dependencies\curse\maven\filters-api-998830\5570856_mapped_parchment_2023.09.03-1.20.1\filters-api-998830-5570856_mapped_parchment_2023.09.03-1.20.1.jar
[05Jul2026 09:13:08.115] [main/DEBUG] [net.minecraftforge.fml.loading.moddiscovery.ModFileInfo/LOADING]: Found valid mod file filters-api-998830-5570856_mapped_parchment_2023.09.03-1.20.1.jar with {filters} mods - versions {1.0.0+1.20.1}
[05Jul2026 09:13:08.115] [main/DEBUG] [net.minecraftforge.fml.loading.moddiscovery.ModFile/LOADING]: Loading mod file C:\Users\riley\.gradle\caches\forge_gradle\deobf_dependencies\curse\maven\filters-api-998830\5570856_mapped_parchment_2023.09.03-1.20.1\filters-api-998830-5570856_mapped_parchment_2023.09.03-1.20.1.jar with languages [LanguageSpec[languageName=javafml, acceptedVersions=[47,)]]
[05Jul2026 09:13:08.115] [main/DEBUG] [net.minecraftforge.fml.loading.moddiscovery.ModFileParser/LOADING]: Considering mod file candidate C:\Users\riley\.gradle\caches\forge_gradle\deobf_dependencies\curse\maven\playeranimator-658587\4587214_mapped_parchment_2023.09.03-1.20.1\playeranimator-658587-4587214_mapped_parchment_2023.09.03-1.20.1.jar
[05Jul2026 09:13:08.116] [main/DEBUG] [net.minecraftforge.fml.loading.moddiscovery.ModFileInfo/LOADING]: Found valid mod file playeranimator-658587-4587214_mapped_parchment_2023.09.03-1.20.1.jar with {playeranimator} mods - versions {1.0.2-rc1+1.20}
[05Jul2026 09:13:08.116] [main/DEBUG] [net.minecraftforge.fml.loading.moddiscovery.ModFile/LOADING]: Loading mod file C:\Users\riley\.gradle\caches\forge_gradle\deobf_dependencies\curse\maven\playeranimator-658587\4587214_mapped_parchment_2023.09.03-1.20.1\playeranimator-658587-4587214_mapped_parchment_2023.09.03-1.20.1.jar with languages [LanguageSpec[languageName=javafml, acceptedVersions=[46.0.0,)]]
[05Jul2026 09:13:08.116] [main/DEBUG] [net.minecraftforge.fml.loading.moddiscovery.ModFileParser/LOADING]: Considering mod file candidate C:\Users\riley\.gradle\caches\forge_gradle\deobf_dependencies\curse\maven\JEI-238222\4712868_mapped_parchment_2023.09.03-1.20.1\JEI-238222-4712868_mapped_parchment_2023.09.03-1.20.1.jar
[05Jul2026 09:13:08.117] [main/DEBUG] [net.minecraftforge.fml.loading.moddiscovery.ModFileInfo/LOADING]: Found valid mod file JEI-238222-4712868_mapped_parchment_2023.09.03-1.20.1.jar with {jei} mods - versions {15.2.0.27}
[05Jul2026 09:13:08.117] [main/DEBUG] [net.minecraftforge.fml.loading.moddiscovery.ModFile/LOADING]: Loading mod file C:\Users\riley\.gradle\caches\forge_gradle\deobf_dependencies\curse\maven\JEI-238222\4712868_mapped_parchment_2023.09.03-1.20.1\JEI-238222-4712868_mapped_parchment_2023.09.03-1.20.1.jar with languages [LanguageSpec[languageName=javafml, acceptedVersions=[47,)]]
[05Jul2026 09:13:08.118] [main/DEBUG] [cpw.mods.modlauncher.TransformationServiceDecorator/MODLAUNCHER]: End scan trigger - transformation service fml
[05Jul2026 09:13:08.129] [main/DEBUG] [net.minecraftforge.fml.loading.LanguageLoadingProvider/CORE]: Found 3 language providers
[05Jul2026 09:13:08.130] [main/DEBUG] [net.minecraftforge.fml.loading.LanguageLoadingProvider/CORE]: Found language provider minecraft, version 1.0
[05Jul2026 09:13:08.131] [main/DEBUG] [net.minecraftforge.fml.loading.LanguageLoadingProvider/CORE]: Found language provider lowcodefml, version 47
[05Jul2026 09:13:08.131] [main/DEBUG] [net.minecraftforge.fml.loading.LanguageLoadingProvider/CORE]: Found language provider javafml, version 47
[05Jul2026 09:13:08.136] [main/DEBUG] [net.minecraftforge.fml.loading.ModSorter/]: Configured system mods: [minecraft, forge]
[05Jul2026 09:13:08.136] [main/DEBUG] [net.minecraftforge.fml.loading.ModSorter/]: Found system mod: minecraft
[05Jul2026 09:13:08.136] [main/DEBUG] [net.minecraftforge.fml.loading.ModSorter/]: Found system mod: forge
[05Jul2026 09:13:08.137] [main/DEBUG] [net.minecraftforge.fml.loading.ModSorter/LOADING]: Found 16 mod requirements (15 mandatory, 1 optional)
[05Jul2026 09:13:08.138] [main/DEBUG] [net.minecraftforge.fml.loading.ModSorter/LOADING]: Found 0 mod requirements missing (0 mandatory, 0 optional)
[05Jul2026 09:13:08.560] [main/DEBUG] [net.minecraftforge.fml.loading.MCPNamingService/CORE]: Loaded 34318 method mappings from methods.csv
[05Jul2026 09:13:08.587] [main/DEBUG] [net.minecraftforge.fml.loading.MCPNamingService/CORE]: Loaded 31014 field mappings from fields.csv
[05Jul2026 09:13:08.637] [main/DEBUG] [cpw.mods.modlauncher.TransformationServicesHandler/MODLAUNCHER]: Transformation services loading transformers
[05Jul2026 09:13:08.637] [main/DEBUG] [cpw.mods.modlauncher.TransformationServiceDecorator/MODLAUNCHER]: Initializing transformers for transformation service mixin
[05Jul2026 09:13:08.638] [main/DEBUG] [cpw.mods.modlauncher.TransformationServiceDecorator/MODLAUNCHER]: Initialized transformers for transformation service mixin
[05Jul2026 09:13:08.638] [main/DEBUG] [cpw.mods.modlauncher.TransformationServiceDecorator/MODLAUNCHER]: Initializing transformers for transformation service fml
[05Jul2026 09:13:08.638] [main/DEBUG] [net.minecraftforge.fml.loading.FMLServiceProvider/CORE]: Loading coremod transformers
[05Jul2026 09:13:08.638] [main/DEBUG] [net.minecraftforge.coremod.CoreModEngine/COREMOD]: Loading CoreMod from coremods/field_to_method.js
[05Jul2026 09:13:08.802] [main/DEBUG] [net.minecraftforge.coremod.CoreModEngine/COREMOD]: CoreMod loaded successfully
[05Jul2026 09:13:08.802] [main/DEBUG] [net.minecraftforge.coremod.CoreModEngine/COREMOD]: Loading CoreMod from coremods/field_to_instanceof.js
[05Jul2026 09:13:08.857] [main/DEBUG] [net.minecraftforge.coremod.CoreModEngine/COREMOD]: CoreMod loaded successfully
[05Jul2026 09:13:08.857] [main/DEBUG] [net.minecraftforge.coremod.CoreModEngine/COREMOD]: Loading CoreMod from coremods/add_bouncer_method.js
[05Jul2026 09:13:08.886] [main/DEBUG] [net.minecraftforge.coremod.CoreModEngine/COREMOD]: CoreMod loaded successfully
[05Jul2026 09:13:08.886] [main/DEBUG] [net.minecraftforge.coremod.CoreModEngine/COREMOD]: Loading CoreMod from coremods/method_redirector.js
[05Jul2026 09:13:08.942] [main/DEBUG] [net.minecraftforge.coremod.CoreModEngine/COREMOD]: CoreMod loaded successfully
[05Jul2026 09:13:08.952] [main/DEBUG] [cpw.mods.modlauncher.TransformStore/MODLAUNCHER]: Adding transformer net.minecraftforge.coremod.transformer.CoreModClassTransformer@590adb41 to Target : CLASS {Lnet/minecraft/world/level/biome/Biome;} {} {V}
[05Jul2026 09:13:08.954] [main/DEBUG] [cpw.mods.modlauncher.TransformStore/MODLAUNCHER]: Adding transformer net.minecraftforge.coremod.transformer.CoreModClassTransformer@6f798482 to Target : CLASS {Lnet/minecraft/world/level/levelgen/structure/Structure;} {} {V}
[05Jul2026 09:13:08.954] [main/DEBUG] [cpw.mods.modlauncher.TransformStore/MODLAUNCHER]: Adding transformer net.minecraftforge.coremod.transformer.CoreModClassTransformer@332bcab0 to Target : CLASS {Lnet/minecraft/world/effect/MobEffectInstance;} {} {V}
[05Jul2026 09:13:08.954] [main/DEBUG] [cpw.mods.modlauncher.TransformStore/MODLAUNCHER]: Adding transformer net.minecraftforge.coremod.transformer.CoreModClassTransformer@633cc6b5 to Target : CLASS {Lnet/minecraft/world/level/block/LiquidBlock;} {} {V}
[05Jul2026 09:13:08.954] [main/DEBUG] [cpw.mods.modlauncher.TransformStore/MODLAUNCHER]: Adding transformer net.minecraftforge.coremod.transformer.CoreModClassTransformer@6342ff7f to Target : CLASS {Lnet/minecraft/world/item/BucketItem;} {} {V}
[05Jul2026 09:13:08.954] [main/DEBUG] [cpw.mods.modlauncher.TransformStore/MODLAUNCHER]: Adding transformer net.minecraftforge.coremod.transformer.CoreModClassTransformer@403c3a01 to Target : CLASS {Lnet/minecraft/world/level/block/StairBlock;} {} {V}
[05Jul2026 09:13:08.954] [main/DEBUG] [cpw.mods.modlauncher.TransformStore/MODLAUNCHER]: Adding transformer net.minecraftforge.coremod.transformer.CoreModClassTransformer@2daf06fc to Target : CLASS {Lnet/minecraft/world/level/block/FlowerPotBlock;} {} {V}
[05Jul2026 09:13:08.954] [main/DEBUG] [cpw.mods.modlauncher.TransformStore/MODLAUNCHER]: Adding transformer net.minecraftforge.coremod.transformer.CoreModClassTransformer@28237492 to Target : CLASS {Lnet/minecraft/world/item/ItemStack;} {} {V}
[05Jul2026 09:13:08.954] [main/DEBUG] [cpw.mods.modlauncher.TransformStore/MODLAUNCHER]: Adding transformer net.minecraftforge.coremod.transformer.CoreModClassTransformer@5ceecfee to Target : CLASS {Lnet/minecraft/network/play/client/CClientSettingsPacket;} {} {V}
[05Jul2026 09:13:08.955] [main/DEBUG] [cpw.mods.modlauncher.TransformStore/MODLAUNCHER]: Adding transformer net.minecraftforge.coremod.transformer.CoreModClassTransformer@7da31a40 to Target : CLASS {Lnet/minecraft/world/level/levelgen/structure/structures/OceanMonumentPieces$OceanMonumentPiece;} {} {V}
[05Jul2026 09:13:08.955] [main/DEBUG] [cpw.mods.modlauncher.TransformStore/MODLAUNCHER]: Adding transformer net.minecraftforge.coremod.transformer.CoreModClassTransformer@7da31a40 to Target : CLASS {Lnet/minecraft/world/entity/npc/Villager;} {} {V}
[05Jul2026 09:13:08.955] [main/DEBUG] [cpw.mods.modlauncher.TransformStore/MODLAUNCHER]: Adding transformer net.minecraftforge.coremod.transformer.CoreModClassTransformer@7da31a40 to Target : CLASS {Lnet/minecraft/world/entity/raid/Raid;} {} {V}
[05Jul2026 09:13:08.955] [main/DEBUG] [cpw.mods.modlauncher.TransformStore/MODLAUNCHER]: Adding transformer net.minecraftforge.coremod.transformer.CoreModClassTransformer@7da31a40 to Target : CLASS {Lnet/minecraft/world/entity/ai/village/VillageSiege;} {} {V}
[05Jul2026 09:13:08.955] [main/DEBUG] [cpw.mods.modlauncher.TransformStore/MODLAUNCHER]: Adding transformer net.minecraftforge.coremod.transformer.CoreModClassTransformer@7da31a40 to Target : CLASS {Lnet/minecraft/world/level/levelgen/PhantomSpawner;} {} {V}
[05Jul2026 09:13:08.955] [main/DEBUG] [cpw.mods.modlauncher.TransformStore/MODLAUNCHER]: Adding transformer net.minecraftforge.coremod.transformer.CoreModClassTransformer@7da31a40 to Target : CLASS {Lnet/minecraft/world/level/levelgen/structure/structures/WoodlandMansionPieces$WoodlandMansionPiece;} {} {V}
[05Jul2026 09:13:08.955] [main/DEBUG] [cpw.mods.modlauncher.TransformStore/MODLAUNCHER]: Adding transformer net.minecraftforge.coremod.transformer.CoreModClassTransformer@7da31a40 to Target : CLASS {Lnet/minecraft/world/entity/animal/horse/SkeletonTrapGoal;} {} {V}
[05Jul2026 09:13:08.955] [main/DEBUG] [cpw.mods.modlauncher.TransformStore/MODLAUNCHER]: Adding transformer net.minecraftforge.coremod.transformer.CoreModClassTransformer@7da31a40 to Target : CLASS {Lnet/minecraft/world/entity/monster/Evoker$EvokerSummonSpellGoal;} {} {V}
[05Jul2026 09:13:08.955] [main/DEBUG] [cpw.mods.modlauncher.TransformStore/MODLAUNCHER]: Adding transformer net.minecraftforge.coremod.transformer.CoreModClassTransformer@7da31a40 to Target : CLASS {Lnet/minecraft/world/level/levelgen/structure/templatesystem/StructureTemplate;} {} {V}
[05Jul2026 09:13:08.956] [main/DEBUG] [cpw.mods.modlauncher.TransformStore/MODLAUNCHER]: Adding transformer net.minecraftforge.coremod.transformer.CoreModClassTransformer@7da31a40 to Target : CLASS {Lnet/minecraft/world/level/levelgen/structure/structures/OceanRuinPieces$OceanRuinPiece;} {} {V}
[05Jul2026 09:13:08.956] [main/DEBUG] [cpw.mods.modlauncher.TransformStore/MODLAUNCHER]: Adding transformer net.minecraftforge.coremod.transformer.CoreModClassTransformer@7da31a40 to Target : CLASS {Lnet/minecraft/world/entity/npc/CatSpawner;} {} {V}
[05Jul2026 09:13:08.956] [main/DEBUG] [cpw.mods.modlauncher.TransformStore/MODLAUNCHER]: Adding transformer net.minecraftforge.coremod.transformer.CoreModClassTransformer@7da31a40 to Target : CLASS {Lnet/minecraft/world/entity/monster/Strider;} {} {V}
[05Jul2026 09:13:08.956] [main/DEBUG] [cpw.mods.modlauncher.TransformStore/MODLAUNCHER]: Adding transformer net.minecraftforge.coremod.transformer.CoreModClassTransformer@7da31a40 to Target : CLASS {Lnet/minecraft/world/level/levelgen/PatrolSpawner;} {} {V}
[05Jul2026 09:13:08.956] [main/DEBUG] [cpw.mods.modlauncher.TransformStore/MODLAUNCHER]: Adding transformer net.minecraftforge.coremod.transformer.CoreModClassTransformer@7da31a40 to Target : CLASS {Lnet/minecraft/server/commands/RaidCommand;} {} {V}
[05Jul2026 09:13:08.956] [main/DEBUG] [cpw.mods.modlauncher.TransformStore/MODLAUNCHER]: Adding transformer net.minecraftforge.coremod.transformer.CoreModClassTransformer@7da31a40 to Target : CLASS {Lnet/minecraft/server/commands/SummonCommand;} {} {V}
[05Jul2026 09:13:08.956] [main/DEBUG] [cpw.mods.modlauncher.TransformStore/MODLAUNCHER]: Adding transformer net.minecraftforge.coremod.transformer.CoreModClassTransformer@7da31a40 to Target : CLASS {Lnet/minecraft/world/entity/monster/ZombieVillager;} {} {V}
[05Jul2026 09:13:08.956] [main/DEBUG] [cpw.mods.modlauncher.TransformStore/MODLAUNCHER]: Adding transformer net.minecraftforge.coremod.transformer.CoreModClassTransformer@7da31a40 to Target : CLASS {Lnet/minecraft/world/entity/monster/Spider;} {} {V}
[05Jul2026 09:13:08.956] [main/DEBUG] [cpw.mods.modlauncher.TransformStore/MODLAUNCHER]: Adding transformer net.minecraftforge.coremod.transformer.CoreModClassTransformer@7da31a40 to Target : CLASS {Lnet/minecraft/world/level/NaturalSpawner;} {} {V}
[05Jul2026 09:13:08.956] [main/DEBUG] [cpw.mods.modlauncher.TransformStore/MODLAUNCHER]: Adding transformer net.minecraftforge.coremod.transformer.CoreModClassTransformer@7da31a40 to Target : CLASS {Lnet/minecraft/world/level/levelgen/structure/structures/SwampHutPiece;} {} {V}
[05Jul2026 09:13:08.956] [main/DEBUG] [cpw.mods.modlauncher.TransformStore/MODLAUNCHER]: Adding transformer net.minecraftforge.coremod.transformer.CoreModClassTransformer@7da31a40 to Target : CLASS {Lnet/minecraft/world/entity/EntityType;} {} {V}
[05Jul2026 09:13:08.956] [main/DEBUG] [cpw.mods.modlauncher.TransformStore/MODLAUNCHER]: Adding transformer net.minecraftforge.coremod.transformer.CoreModClassTransformer@7da31a40 to Target : CLASS {Lnet/minecraft/world/entity/animal/frog/Tadpole;} {} {V}
[05Jul2026 09:13:08.956] [main/DEBUG] [cpw.mods.modlauncher.TransformStore/MODLAUNCHER]: Adding transformer net.minecraftforge.coremod.transformer.CoreModClassTransformer@7da31a40 to Target : CLASS {Lnet/minecraft/world/entity/monster/Zombie;} {} {V}
[05Jul2026 09:13:08.957] [main/DEBUG] [cpw.mods.modlauncher.TransformationServiceDecorator/MODLAUNCHER]: Initialized transformers for transformation service fml
[05Jul2026 09:13:11.177] [main/DEBUG] [mixin/]: Processing prepare() for PlatformAgent[MixinPlatformAgentDefault:ModLauncher Root Container(ModLauncher:4f56a0a2)]
[05Jul2026 09:13:11.177] [main/DEBUG] [mixin/]: Processing launch tasks for PlatformAgent[MixinPlatformAgentDefault:ModLauncher Root Container(ModLauncher:4f56a0a2)]
[05Jul2026 09:13:11.178] [main/DEBUG] [mixin/]: Adding mixin platform agents for container SecureJarResource(minecraft)
[05Jul2026 09:13:11.178] [main/DEBUG] [mixin/]: Instancing new MixinPlatformAgentMinecraftForge for SecureJarResource(minecraft)
[05Jul2026 09:13:11.178] [main/DEBUG] [mixin/]: MixinPlatformAgentMinecraftForge rejected container SecureJarResource(minecraft)
[05Jul2026 09:13:11.178] [main/DEBUG] [mixin/]: Instancing new MixinPlatformAgentDefault for SecureJarResource(minecraft)
[05Jul2026 09:13:11.178] [main/DEBUG] [mixin/]: MixinPlatformAgentDefault accepted container SecureJarResource(minecraft)
[05Jul2026 09:13:11.178] [main/DEBUG] [mixin/]: Processing prepare() for PlatformAgent[MixinPlatformAgentDefault:SecureJarResource(minecraft)]
[05Jul2026 09:13:11.179] [main/DEBUG] [mixin/]: Adding mixin platform agents for container SecureJarResource(tretackshop)
[05Jul2026 09:13:11.179] [main/DEBUG] [mixin/]: Instancing new MixinPlatformAgentMinecraftForge for SecureJarResource(tretackshop)
[05Jul2026 09:13:11.179] [main/DEBUG] [mixin/]: MixinPlatformAgentMinecraftForge rejected container SecureJarResource(tretackshop)
[05Jul2026 09:13:11.179] [main/DEBUG] [mixin/]: Instancing new MixinPlatformAgentDefault for SecureJarResource(tretackshop)
[05Jul2026 09:13:11.179] [main/DEBUG] [mixin/]: MixinPlatformAgentDefault accepted container SecureJarResource(tretackshop)
[05Jul2026 09:13:11.179] [main/DEBUG] [mixin/]: Processing prepare() for PlatformAgent[MixinPlatformAgentDefault:SecureJarResource(tretackshop)]
[05Jul2026 09:13:11.179] [main/DEBUG] [mixin/]: Adding mixin platform agents for container SecureJarResource(forge)
[05Jul2026 09:13:11.179] [main/DEBUG] [mixin/]: Instancing new MixinPlatformAgentMinecraftForge for SecureJarResource(forge)
[05Jul2026 09:13:11.179] [main/DEBUG] [mixin/]: MixinPlatformAgentMinecraftForge rejected container SecureJarResource(forge)
[05Jul2026 09:13:11.179] [main/DEBUG] [mixin/]: Instancing new MixinPlatformAgentDefault for SecureJarResource(forge)
[05Jul2026 09:13:11.180] [main/DEBUG] [mixin/]: MixinPlatformAgentDefault accepted container SecureJarResource(forge)
[05Jul2026 09:13:11.180] [main/DEBUG] [mixin/]: Processing prepare() for PlatformAgent[MixinPlatformAgentDefault:SecureJarResource(forge)]
[05Jul2026 09:13:11.180] [main/DEBUG] [mixin/]: Adding mixin platform agents for container SecureJarResource(jade)
[05Jul2026 09:13:11.180] [main/DEBUG] [mixin/]: Instancing new MixinPlatformAgentMinecraftForge for SecureJarResource(jade)
[05Jul2026 09:13:11.180] [main/DEBUG] [mixin/]: MixinPlatformAgentMinecraftForge rejected container SecureJarResource(jade)
[05Jul2026 09:13:11.180] [main/DEBUG] [mixin/]: Instancing new MixinPlatformAgentDefault for SecureJarResource(jade)
[05Jul2026 09:13:11.180] [main/DEBUG] [mixin/]: MixinPlatformAgentDefault accepted container SecureJarResource(jade)
[05Jul2026 09:13:11.180] [main/DEBUG] [mixin/]: Processing prepare() for PlatformAgent[MixinPlatformAgentDefault:SecureJarResource(jade)]
[05Jul2026 09:13:11.180] [main/DEBUG] [mixin/]: Registering mixin config: jade.mixins.json
[05Jul2026 09:13:11.202] [main/DEBUG] [mixin/]: Adding mixin platform agents for container SecureJarResource(geckolib)
[05Jul2026 09:13:11.202] [main/DEBUG] [mixin/]: Instancing new MixinPlatformAgentMinecraftForge for SecureJarResource(geckolib)
[05Jul2026 09:13:11.202] [main/DEBUG] [mixin/]: MixinPlatformAgentMinecraftForge rejected container SecureJarResource(geckolib)
[05Jul2026 09:13:11.202] [main/DEBUG] [mixin/]: Instancing new MixinPlatformAgentDefault for SecureJarResource(geckolib)
[05Jul2026 09:13:11.202] [main/DEBUG] [mixin/]: MixinPlatformAgentDefault accepted container SecureJarResource(geckolib)
[05Jul2026 09:13:11.202] [main/DEBUG] [mixin/]: Processing prepare() for PlatformAgent[MixinPlatformAgentDefault:SecureJarResource(geckolib)]
[05Jul2026 09:13:11.202] [main/DEBUG] [mixin/]: Registering mixin config: geckolib.mixins.json
[05Jul2026 09:13:11.206] [main/DEBUG] [mixin/]: Compatibility level JAVA_17 specified by geckolib.mixins.json is higher than the maximum level supported by this version of mixin (JAVA_13).
[05Jul2026 09:13:11.209] [main/INFO] [mixin/]: Compatibility level set to JAVA_17
[05Jul2026 09:13:11.210] [main/DEBUG] [mixin/]: Adding mixin platform agents for container SecureJarResource(swem)
[05Jul2026 09:13:11.210] [main/DEBUG] [mixin/]: Instancing new MixinPlatformAgentMinecraftForge for SecureJarResource(swem)
[05Jul2026 09:13:11.210] [main/DEBUG] [mixin/]: MixinPlatformAgentMinecraftForge rejected container SecureJarResource(swem)
[05Jul2026 09:13:11.210] [main/DEBUG] [mixin/]: Instancing new MixinPlatformAgentDefault for SecureJarResource(swem)
[05Jul2026 09:13:11.210] [main/DEBUG] [mixin/]: MixinPlatformAgentDefault accepted container SecureJarResource(swem)
[05Jul2026 09:13:11.210] [main/DEBUG] [mixin/]: Processing prepare() for PlatformAgent[MixinPlatformAgentDefault:SecureJarResource(swem)]
[05Jul2026 09:13:11.210] [main/DEBUG] [mixin/]: Registering mixin config: swem.forge.mixins.json
[05Jul2026 09:13:11.212] [main/DEBUG] [mixin/]: Adding mixin platform agents for container SecureJarResource(filters)
[05Jul2026 09:13:11.213] [main/DEBUG] [mixin/]: Instancing new MixinPlatformAgentMinecraftForge for SecureJarResource(filters)
[05Jul2026 09:13:11.213] [main/DEBUG] [mixin/]: MixinPlatformAgentMinecraftForge rejected container SecureJarResource(filters)
[05Jul2026 09:13:11.213] [main/DEBUG] [mixin/]: Instancing new MixinPlatformAgentDefault for SecureJarResource(filters)
[05Jul2026 09:13:11.213] [main/DEBUG] [mixin/]: MixinPlatformAgentDefault accepted container SecureJarResource(filters)
[05Jul2026 09:13:11.213] [main/DEBUG] [mixin/]: Processing prepare() for PlatformAgent[MixinPlatformAgentDefault:SecureJarResource(filters)]
[05Jul2026 09:13:11.213] [main/DEBUG] [mixin/]: Registering mixin config: filters.mixins.json
[05Jul2026 09:13:11.215] [main/DEBUG] [mixin/]: Compatibility level JAVA_8 specified by filters.mixins.json is lower than the default level supported by the current mixin service (JAVA_16).
[05Jul2026 09:13:11.215] [main/DEBUG] [mixin/]: Adding mixin platform agents for container SecureJarResource(playeranimator)
[05Jul2026 09:13:11.215] [main/DEBUG] [mixin/]: Instancing new MixinPlatformAgentMinecraftForge for SecureJarResource(playeranimator)
[05Jul2026 09:13:11.215] [main/DEBUG] [mixin/]: MixinPlatformAgentMinecraftForge rejected container SecureJarResource(playeranimator)
[05Jul2026 09:13:11.216] [main/DEBUG] [mixin/]: Instancing new MixinPlatformAgentDefault for SecureJarResource(playeranimator)
[05Jul2026 09:13:11.216] [main/DEBUG] [mixin/]: MixinPlatformAgentDefault accepted container SecureJarResource(playeranimator)
[05Jul2026 09:13:11.216] [main/DEBUG] [mixin/]: Processing prepare() for PlatformAgent[MixinPlatformAgentDefault:SecureJarResource(playeranimator)]
[05Jul2026 09:13:11.216] [main/DEBUG] [mixin/]: Registering mixin config: playerAnimator-common.mixins.json
[05Jul2026 09:13:11.217] [main/DEBUG] [mixin/]: Compatibility level JAVA_16 specified by playerAnimator-common.mixins.json is higher than the maximum level supported by this version of mixin (JAVA_13).
[05Jul2026 09:13:11.217] [main/DEBUG] [mixin/]: Adding mixin platform agents for container SecureJarResource(jei)
[05Jul2026 09:13:11.218] [main/DEBUG] [mixin/]: Instancing new MixinPlatformAgentMinecraftForge for SecureJarResource(jei)
[05Jul2026 09:13:11.218] [main/DEBUG] [mixin/]: MixinPlatformAgentMinecraftForge rejected container SecureJarResource(jei)
[05Jul2026 09:13:11.218] [main/DEBUG] [mixin/]: Instancing new MixinPlatformAgentDefault for SecureJarResource(jei)
[05Jul2026 09:13:11.218] [main/DEBUG] [mixin/]: MixinPlatformAgentDefault accepted container SecureJarResource(jei)
[05Jul2026 09:13:11.218] [main/DEBUG] [mixin/]: Processing prepare() for PlatformAgent[MixinPlatformAgentDefault:SecureJarResource(jei)]
[05Jul2026 09:13:11.218] [main/DEBUG] [mixin/]: inject() running with 10 agents
[05Jul2026 09:13:11.218] [main/DEBUG] [mixin/]: Processing inject() for PlatformAgent[MixinPlatformAgentDefault:ModLauncher Root Container(ModLauncher:4f56a0a2)]
[05Jul2026 09:13:11.218] [main/DEBUG] [mixin/]: Processing inject() for PlatformAgent[MixinPlatformAgentDefault:SecureJarResource(minecraft)]
[05Jul2026 09:13:11.218] [main/DEBUG] [mixin/]: Processing inject() for PlatformAgent[MixinPlatformAgentDefault:SecureJarResource(tretackshop)]
[05Jul2026 09:13:11.219] [main/DEBUG] [mixin/]: Processing inject() for PlatformAgent[MixinPlatformAgentDefault:SecureJarResource(forge)]
[05Jul2026 09:13:11.219] [main/DEBUG] [mixin/]: Processing inject() for PlatformAgent[MixinPlatformAgentDefault:SecureJarResource(jade)]
[05Jul2026 09:13:11.219] [main/DEBUG] [mixin/]: Processing inject() for PlatformAgent[MixinPlatformAgentDefault:SecureJarResource(geckolib)]
[05Jul2026 09:13:11.219] [main/DEBUG] [mixin/]: Processing inject() for PlatformAgent[MixinPlatformAgentDefault:SecureJarResource(swem)]
[05Jul2026 09:13:11.219] [main/DEBUG] [mixin/]: Processing inject() for PlatformAgent[MixinPlatformAgentDefault:SecureJarResource(filters)]
[05Jul2026 09:13:11.219] [main/DEBUG] [mixin/]: Processing inject() for PlatformAgent[MixinPlatformAgentDefault:SecureJarResource(playeranimator)]
[05Jul2026 09:13:11.219] [main/DEBUG] [mixin/]: Processing inject() for PlatformAgent[MixinPlatformAgentDefault:SecureJarResource(jei)]
[05Jul2026 09:13:11.219] [main/INFO] [cpw.mods.modlauncher.LaunchServiceHandler/MODLAUNCHER]: Launching target 'forgedatauserdev' with arguments [--gameDir, ., --assetsDir, C:\Users\riley\.gradle\caches\forge_gradle\assets, --assetIndex, 5, --mod, tretackshop, --all, --output, C:\Users\riley\IdeaProjects\Tre-Tack-Shop--1.20.1\src\generated\resources, --existing, C:\Users\riley\IdeaProjects\Tre-Tack-Shop--1.20.1\src\main\resources]
[05Jul2026 09:13:11.312] [main/DEBUG] [mixin/]: Error cleaning class output directory: .mixin.out
[05Jul2026 09:13:11.313] [main/DEBUG] [mixin/]: Preparing mixins for MixinEnvironment[DEFAULT]
[05Jul2026 09:13:11.314] [main/DEBUG] [mixin/]: Selecting config jade.mixins.json
[05Jul2026 09:13:11.540] [main/INFO] [mixin/]: Remapping refMap jade.refmap.json using C:\Users\riley\IdeaProjects\Tre-Tack-Shop--1.20.1\build\createSrgToMcp\output.srg
[05Jul2026 09:13:11.540] [main/DEBUG] [mixin/]: Selecting config geckolib.mixins.json
[05Jul2026 09:13:11.542] [main/INFO] [mixin/]: Remapping refMap geckolib.refmap.json using C:\Users\riley\IdeaProjects\Tre-Tack-Shop--1.20.1\build\createSrgToMcp\output.srg
[05Jul2026 09:13:11.542] [main/DEBUG] [mixin/]: Selecting config swem.forge.mixins.json
[05Jul2026 09:13:11.555] [main/INFO] [mixin/]: Remapping refMap swem.refmap.json using C:\Users\riley\IdeaProjects\Tre-Tack-Shop--1.20.1\build\createSrgToMcp\output.srg
[05Jul2026 09:13:11.556] [main/DEBUG] [mixin/]: Selecting config filters.mixins.json
[05Jul2026 09:13:11.557] [main/INFO] [mixin/]: Remapping refMap filters.refmap.json using C:\Users\riley\IdeaProjects\Tre-Tack-Shop--1.20.1\build\createSrgToMcp\output.srg
[05Jul2026 09:13:11.557] [main/DEBUG] [mixin/]: Selecting config playerAnimator-common.mixins.json
[05Jul2026 09:13:11.561] [main/INFO] [mixin/]: Remapping refMap player-animation-lib-minecraft_common-refmap.json using C:\Users\riley\IdeaProjects\Tre-Tack-Shop--1.20.1\build\createSrgToMcp\output.srg
[05Jul2026 09:13:11.561] [main/DEBUG] [mixin/]: Preparing jade.mixins.json (2)
[05Jul2026 09:13:11.615] [main/DEBUG] [mixin/]: Preparing geckolib.mixins.json (1)
[05Jul2026 09:13:11.620] [main/DEBUG] [mixin/]: Preparing swem.forge.mixins.json (19)
[05Jul2026 09:13:11.678] [main/DEBUG] [net.minecraftforge.coremod.transformer.CoreModBaseTransformer/COREMOD]: Transforming net/minecraft/world/item/ItemStack
[05Jul2026 09:13:11.734] [main/DEBUG] [mixin/]: Preparing filters.mixins.json (2)
[05Jul2026 09:13:11.741] [main/DEBUG] [mixin/]: Preparing playerAnimator-common.mixins.json (14)
[05Jul2026 09:13:11.796] [main/DEBUG] [mixin/]: Registering new injector for @Inject with org.spongepowered.asm.mixin.injection.struct.CallbackInjectionInfo
[05Jul2026 09:13:11.798] [main/DEBUG] [mixin/]: Registering new injector for @ModifyArg with org.spongepowered.asm.mixin.injection.struct.ModifyArgInjectionInfo
[05Jul2026 09:13:11.800] [main/DEBUG] [mixin/]: Registering new injector for @ModifyArgs with org.spongepowered.asm.mixin.injection.struct.ModifyArgsInjectionInfo
[05Jul2026 09:13:11.802] [main/DEBUG] [mixin/]: Registering new injector for @Redirect with org.spongepowered.asm.mixin.injection.struct.RedirectInjectionInfo
[05Jul2026 09:13:11.803] [main/DEBUG] [mixin/]: Registering new injector for @ModifyVariable with org.spongepowered.asm.mixin.injection.struct.ModifyVariableInjectionInfo
[05Jul2026 09:13:11.804] [main/DEBUG] [mixin/]: Registering new injector for @ModifyConstant with org.spongepowered.asm.mixin.injection.struct.ModifyConstantInjectionInfo
[05Jul2026 09:13:11.843] [main/DEBUG] [mixin/]: Prepared 37 mixins in 0.521 sec (14.1ms avg) (0ms load, 0ms transform, 0ms plugin)
[05Jul2026 09:13:11.997] [main/DEBUG] [io.netty.util.internal.logging.InternalLoggerFactory/]: Using SLF4J as the default logging framework
[05Jul2026 09:13:12.000] [main/DEBUG] [io.netty.util.ResourceLeakDetector/]: -Dio.netty.leakDetection.level: simple
[05Jul2026 09:13:12.000] [main/DEBUG] [io.netty.util.ResourceLeakDetector/]: -Dio.netty.leakDetection.targetRecords: 4
[05Jul2026 09:13:12.244] [main/INFO] [net.minecraftforge.data.loading.DatagenModLoader/]: Initializing Data Gatherer for mods [tretackshop]
[05Jul2026 09:13:12.363] [main/DEBUG] [mixin/]: Mixing BlockBehaviourMixin from swem.forge.mixins.json into net.minecraft.world.level.block.state.BlockBehaviour$BlockStateBase
[05Jul2026 09:13:12.469] [main/DEBUG] [mixin/]: Mixing EntityMixin from swem.forge.mixins.json into net.minecraft.world.entity.Entity
[05Jul2026 09:13:12.591] [main/DEBUG] [mixin/]: Mixing PlayerEntityMixin from playerAnimator-common.mixins.json into net.minecraft.world.entity.player.Player
[05Jul2026 09:13:12.592] [main/DEBUG] [mixin/]: playerAnimator-common.mixins.json:PlayerEntityMixin: Class version 61 required is higher than the class version supported by the current version of Mixin (JAVA_16 supports class version 60)
[05Jul2026 09:13:12.692] [main/DEBUG] [net.minecraftforge.coremod.transformer.CoreModBaseTransformer/COREMOD]: Transforming net/minecraft/world/entity/EntityType
[05Jul2026 09:13:13.229] [main/DEBUG] [net.minecraftforge.coremod.transformer.CoreModBaseTransformer/COREMOD]: Transforming net/minecraft/world/level/block/LiquidBlock
[05Jul2026 09:13:13.269] [main/DEBUG] [net.minecraftforge.coremod.transformer.CoreModBaseTransformer/COREMOD]: Transforming net/minecraft/world/level/block/StairBlock
[05Jul2026 09:13:13.338] [main/DEBUG] [mixin/]: Mixing LilyPadBlockMixin from swem.forge.mixins.json into net.minecraft.world.level.block.WaterlilyBlock
[05Jul2026 09:13:13.366] [main/DEBUG] [net.minecraftforge.coremod.transformer.CoreModBaseTransformer/COREMOD]: Transforming net/minecraft/world/level/block/FlowerPotBlock
[05Jul2026 09:13:13.436] [main/DEBUG] [mixin/]: Mixing BuddingAmethystBlockMixin from swem.forge.mixins.json into net.minecraft.world.level.block.BuddingAmethystBlock
[05Jul2026 09:13:13.476] [main/DEBUG] [mixin/]: Mixing PowderSnowBlockMixin from swem.forge.mixins.json into net.minecraft.world.level.block.PowderSnowBlock
[05Jul2026 09:13:14.118] [main/DEBUG] [net.minecraftforge.coremod.transformer.CoreModBaseTransformer/COREMOD]: Transforming net/minecraft/world/item/ItemStack
[05Jul2026 09:13:14.119] [main/DEBUG] [mixin/]: Mixing ItemStackMixin from swem.forge.mixins.json into net.minecraft.world.item.ItemStack
[05Jul2026 09:13:14.468] [main/DEBUG] [mixin/]: Mixing SimpleContainerAccessor from swem.forge.mixins.json into net.minecraft.world.SimpleContainer
[05Jul2026 09:13:14.633] [main/DEBUG] [net.minecraftforge.coremod.transformer.CoreModBaseTransformer/COREMOD]: Transforming net/minecraft/world/entity/animal/frog/Tadpole
[05Jul2026 09:13:14.691] [main/DEBUG] [net.minecraftforge.coremod.transformer.CoreModBaseTransformer/COREMOD]: Transforming net/minecraft/world/item/BucketItem
[05Jul2026 09:13:14.723] [main/DEBUG] [mixin/]: Mixing NameTagItemMixin from swem.forge.mixins.json into net.minecraft.world.item.NameTagItem
[05Jul2026 09:13:15.467] [main/DEBUG] [mixin/]: Mixing AbstractHorseEntityMixin from swem.forge.mixins.json into net.minecraft.world.entity.animal.horse.AbstractHorse
[05Jul2026 09:13:15.506] [main/DEBUG] [net.minecraftforge.coremod.transformer.CoreModBaseTransformer/COREMOD]: Transforming net/minecraft/world/entity/monster/Spider
[05Jul2026 09:13:15.567] [main/DEBUG] [net.minecraftforge.coremod.transformer.CoreModBaseTransformer/COREMOD]: Transforming net/minecraft/world/entity/monster/Zombie
[05Jul2026 09:13:15.605] [main/DEBUG] [net.minecraftforge.coremod.transformer.CoreModBaseTransformer/COREMOD]: Transforming net/minecraft/world/entity/monster/ZombieVillager
[05Jul2026 09:13:15.675] [main/DEBUG] [net.minecraftforge.coremod.transformer.CoreModBaseTransformer/COREMOD]: Transforming net/minecraft/world/entity/monster/Evoker$EvokerSummonSpellGoal
[05Jul2026 09:13:15.861] [main/DEBUG] [net.minecraftforge.coremod.transformer.CoreModBaseTransformer/COREMOD]: Transforming net/minecraft/world/entity/animal/horse/SkeletonTrapGoal
[05Jul2026 09:13:15.889] [main/DEBUG] [net.minecraftforge.coremod.transformer.CoreModBaseTransformer/COREMOD]: Transforming net/minecraft/world/entity/monster/Strider
[05Jul2026 09:13:16.039] [main/DEBUG] [net.minecraftforge.coremod.transformer.CoreModBaseTransformer/COREMOD]: Transforming net/minecraft/world/entity/npc/Villager
[05Jul2026 09:13:16.128] [main/DEBUG] [mixin/]: Mixing AbstractVillagerEntityMixin from swem.forge.mixins.json into net.minecraft.world.entity.npc.AbstractVillager
[05Jul2026 09:13:16.193] [main/DEBUG] [net.minecraftforge.coremod.transformer.CoreModBaseTransformer/COREMOD]: Transforming net/minecraft/world/effect/MobEffectInstance
[05Jul2026 09:13:16.266] [main/DEBUG] [mixin/]: Mixing HorseMovementCheck from swem.forge.mixins.json into net.minecraft.server.network.ServerGamePacketListenerImpl
[05Jul2026 09:13:16.371] [main/DEBUG] [mixin/]: Mixing DigDurabilityEnchantmentMixin from swem.forge.mixins.json into net.minecraft.world.item.enchantment.DigDurabilityEnchantment
[05Jul2026 09:13:16.499] [main/DEBUG] [mixin/]: Mixing SlotMixin from swem.forge.mixins.json into net.minecraft.world.inventory.Slot
[05Jul2026 09:13:16.891] [main/DEBUG] [net.minecraftforge.coremod.transformer.CoreModBaseTransformer/COREMOD]: Transforming net/minecraft/world/level/levelgen/structure/Structure
[05Jul2026 09:13:16.929] [main/DEBUG] [net.minecraftforge.coremod.transformer.CoreModBaseTransformer/COREMOD]: Transforming net/minecraft/world/level/levelgen/structure/structures/OceanRuinPieces$OceanRuinPiece
[05Jul2026 09:13:16.938] [main/DEBUG] [net.minecraftforge.coremod.transformer.CoreModBaseTransformer/COREMOD]: Transforming net/minecraft/world/level/levelgen/structure/structures/SwampHutPiece
[05Jul2026 09:13:16.947] [main/DEBUG] [net.minecraftforge.coremod.transformer.CoreModBaseTransformer/COREMOD]: Transforming net/minecraft/world/level/levelgen/structure/structures/OceanMonumentPieces$OceanMonumentPiece
[05Jul2026 09:13:16.961] [main/DEBUG] [net.minecraftforge.coremod.transformer.CoreModBaseTransformer/COREMOD]: Transforming net/minecraft/world/level/levelgen/structure/structures/WoodlandMansionPieces$WoodlandMansionPiece
[05Jul2026 09:13:17.065] [main/DEBUG] [net.minecraftforge.coremod.transformer.CoreModBaseTransformer/COREMOD]: Transforming net/minecraft/world/level/biome/Biome
[05Jul2026 09:13:17.224] [main/DEBUG] [net.minecraftforge.registries.GameData/REGISTRIES]: Creating vanilla freeze snapshot
[05Jul2026 09:13:17.226] [main/DEBUG] [net.minecraftforge.registries.ForgeRegistry/REGISTRIES]: Registry minecraft:block Sync: VANILLA -> ACTIVE
[05Jul2026 09:13:17.240] [main/DEBUG] [net.minecraftforge.registries.ForgeRegistry/REGISTRIES]: Registry minecraft:fluid Sync: VANILLA -> ACTIVE
[05Jul2026 09:13:17.240] [main/DEBUG] [net.minecraftforge.registries.ForgeRegistry/REGISTRIES]: Registry minecraft:item Sync: VANILLA -> ACTIVE
[05Jul2026 09:13:17.249] [main/DEBUG] [net.minecraftforge.registries.ForgeRegistry/REGISTRIES]: Registry minecraft:mob_effect Sync: VANILLA -> ACTIVE
[05Jul2026 09:13:17.249] [main/DEBUG] [net.minecraftforge.registries.ForgeRegistry/REGISTRIES]: Registry minecraft:sound_event Sync: VANILLA -> ACTIVE
[05Jul2026 09:13:17.256] [main/DEBUG] [net.minecraftforge.registries.ForgeRegistry/REGISTRIES]: Registry minecraft:potion Sync: VANILLA -> ACTIVE
[05Jul2026 09:13:17.256] [main/DEBUG] [net.minecraftforge.registries.ForgeRegistry/REGISTRIES]: Registry minecraft:enchantment Sync: VANILLA -> ACTIVE
[05Jul2026 09:13:17.257] [main/DEBUG] [net.minecraftforge.registries.ForgeRegistry/REGISTRIES]: Registry minecraft:entity_type Sync: VANILLA -> ACTIVE
[05Jul2026 09:13:17.257] [main/DEBUG] [net.minecraftforge.registries.ForgeRegistry/REGISTRIES]: Registry minecraft:block_entity_type Sync: VANILLA -> ACTIVE
[05Jul2026 09:13:17.257] [main/DEBUG] [net.minecraftforge.registries.ForgeRegistry/REGISTRIES]: Registry minecraft:particle_type Sync: VANILLA -> ACTIVE
[05Jul2026 09:13:17.258] [main/DEBUG] [net.minecraftforge.registries.ForgeRegistry/REGISTRIES]: Registry minecraft:menu Sync: VANILLA -> ACTIVE
[05Jul2026 09:13:17.258] [main/DEBUG] [net.minecraftforge.registries.ForgeRegistry/REGISTRIES]: Registry minecraft:painting_variant Sync: VANILLA -> ACTIVE
[05Jul2026 09:13:17.258] [main/DEBUG] [net.minecraftforge.registries.ForgeRegistry/REGISTRIES]: Registry minecraft:recipe_type Sync: VANILLA -> ACTIVE
[05Jul2026 09:13:17.258] [main/DEBUG] [net.minecraftforge.registries.ForgeRegistry/REGISTRIES]: Registry minecraft:recipe_serializer Sync: VANILLA -> ACTIVE
[05Jul2026 09:13:17.259] [main/DEBUG] [net.minecraftforge.registries.ForgeRegistry/REGISTRIES]: Registry minecraft:attribute Sync: VANILLA -> ACTIVE
[05Jul2026 09:13:17.259] [main/DEBUG] [net.minecraftforge.registries.ForgeRegistry/REGISTRIES]: Registry minecraft:stat_type Sync: VANILLA -> ACTIVE
[05Jul2026 09:13:17.259] [main/DEBUG] [net.minecraftforge.registries.ForgeRegistry/REGISTRIES]: Registry minecraft:command_argument_type Sync: VANILLA -> ACTIVE
[05Jul2026 09:13:17.259] [main/DEBUG] [net.minecraftforge.registries.ForgeRegistry/REGISTRIES]: Registry minecraft:villager_profession Sync: VANILLA -> ACTIVE
[05Jul2026 09:13:17.259] [main/DEBUG] [net.minecraftforge.registries.ForgeRegistry/REGISTRIES]: Registry minecraft:point_of_interest_type Sync: VANILLA -> ACTIVE
[05Jul2026 09:13:17.261] [main/DEBUG] [net.minecraftforge.registries.ForgeRegistry/REGISTRIES]: Registry minecraft:memory_module_type Sync: VANILLA -> ACTIVE
[05Jul2026 09:13:17.262] [main/DEBUG] [net.minecraftforge.registries.ForgeRegistry/REGISTRIES]: Registry minecraft:sensor_type Sync: VANILLA -> ACTIVE
[05Jul2026 09:13:17.262] [main/DEBUG] [net.minecraftforge.registries.ForgeRegistry/REGISTRIES]: Registry minecraft:schedule Sync: VANILLA -> ACTIVE
[05Jul2026 09:13:17.262] [main/DEBUG] [net.minecraftforge.registries.ForgeRegistry/REGISTRIES]: Registry minecraft:activity Sync: VANILLA -> ACTIVE
[05Jul2026 09:13:17.262] [main/DEBUG] [net.minecraftforge.registries.ForgeRegistry/REGISTRIES]: Registry minecraft:worldgen/carver Sync: VANILLA -> ACTIVE
[05Jul2026 09:13:17.262] [main/DEBUG] [net.minecraftforge.registries.ForgeRegistry/REGISTRIES]: Registry minecraft:worldgen/feature Sync: VANILLA -> ACTIVE
[05Jul2026 09:13:17.263] [main/DEBUG] [net.minecraftforge.registries.ForgeRegistry/REGISTRIES]: Registry minecraft:chunk_status Sync: VANILLA -> ACTIVE
[05Jul2026 09:13:17.263] [main/DEBUG] [net.minecraftforge.registries.ForgeRegistry/REGISTRIES]: Registry minecraft:worldgen/block_state_provider_type Sync: VANILLA -> ACTIVE
[05Jul2026 09:13:17.263] [main/DEBUG] [net.minecraftforge.registries.ForgeRegistry/REGISTRIES]: Registry minecraft:worldgen/foliage_placer_type Sync: VANILLA -> ACTIVE
[05Jul2026 09:13:17.263] [main/DEBUG] [net.minecraftforge.registries.ForgeRegistry/REGISTRIES]: Registry minecraft:worldgen/tree_decorator_type Sync: VANILLA -> ACTIVE
[05Jul2026 09:13:17.263] [main/DEBUG] [net.minecraftforge.registries.ForgeRegistry/REGISTRIES]: Registry minecraft:worldgen/biome Sync: VANILLA -> ACTIVE
[05Jul2026 09:13:17.275] [main/DEBUG] [net.minecraftforge.registries.GameData/REGISTRIES]: Vanilla freeze snapshot created
[05Jul2026 09:13:17.324] [main/DEBUG] [net.minecraftforge.fml.ModWorkManager/LOADING]: Using 16 threads for parallel mod-loading
[05Jul2026 09:13:17.342] [main/DEBUG] [net.minecraftforge.fml.javafmlmod.FMLJavaModLanguageProvider/LOADING]: Loading FMLModContainer from classloader cpw.mods.modlauncher.TransformingClassLoader@6e3ecf5c - got cpw.mods.cl.ModuleClassLoader@59712875
[05Jul2026 09:13:17.343] [main/DEBUG] [net.minecraftforge.fml.javafmlmod.FMLModContainer/LOADING]: Creating FMLModContainer instance for net.minecraftforge.common.ForgeMod
[05Jul2026 09:13:17.359] [main/DEBUG] [net.minecraftforge.fml.javafmlmod.FMLJavaModLanguageProvider/LOADING]: Loading FMLModContainer from classloader cpw.mods.modlauncher.TransformingClassLoader@6e3ecf5c - got cpw.mods.cl.ModuleClassLoader@59712875
[05Jul2026 09:13:17.359] [main/DEBUG] [net.minecraftforge.fml.javafmlmod.FMLModContainer/LOADING]: Creating FMLModContainer instance for snownee.jade.util.CommonProxy
[05Jul2026 09:13:17.362] [main/DEBUG] [net.minecraftforge.fml.javafmlmod.FMLJavaModLanguageProvider/LOADING]: Loading FMLModContainer from classloader cpw.mods.modlauncher.TransformingClassLoader@6e3ecf5c - got cpw.mods.cl.ModuleClassLoader@59712875
[05Jul2026 09:13:17.362] [main/DEBUG] [net.minecraftforge.fml.javafmlmod.FMLModContainer/LOADING]: Creating FMLModContainer instance for software.bernie.example.GeckoLibMod
[05Jul2026 09:13:17.362] [main/DEBUG] [net.minecraftforge.fml.javafmlmod.FMLJavaModLanguageProvider/LOADING]: Loading FMLModContainer from classloader cpw.mods.modlauncher.TransformingClassLoader@6e3ecf5c - got cpw.mods.cl.ModuleClassLoader@59712875
[05Jul2026 09:13:17.362] [main/DEBUG] [net.minecraftforge.fml.javafmlmod.FMLModContainer/LOADING]: Creating FMLModContainer instance for com.alaharranhonor.swem.forge.SWEM
[05Jul2026 09:13:17.363] [main/DEBUG] [net.minecraftforge.fml.javafmlmod.FMLJavaModLanguageProvider/LOADING]: Loading FMLModContainer from classloader cpw.mods.modlauncher.TransformingClassLoader@6e3ecf5c - got cpw.mods.cl.ModuleClassLoader@59712875
[05Jul2026 09:13:17.363] [main/DEBUG] [net.minecraftforge.fml.javafmlmod.FMLModContainer/LOADING]: Creating FMLModContainer instance for com.kyraltre.tretackshop.TreTackShop
[05Jul2026 09:13:17.366] [main/DEBUG] [net.minecraftforge.fml.javafmlmod.FMLJavaModLanguageProvider/LOADING]: Loading FMLModContainer from classloader cpw.mods.modlauncher.TransformingClassLoader@6e3ecf5c - got cpw.mods.cl.ModuleClassLoader@59712875
[05Jul2026 09:13:17.366] [main/DEBUG] [net.minecraftforge.fml.javafmlmod.FMLModContainer/LOADING]: Creating FMLModContainer instance for ziyue.filters.FiltersApiForge
[05Jul2026 09:13:17.367] [main/DEBUG] [net.minecraftforge.fml.javafmlmod.FMLJavaModLanguageProvider/LOADING]: Loading FMLModContainer from classloader cpw.mods.modlauncher.TransformingClassLoader@6e3ecf5c - got cpw.mods.cl.ModuleClassLoader@59712875
[05Jul2026 09:13:17.367] [main/DEBUG] [net.minecraftforge.fml.javafmlmod.FMLModContainer/LOADING]: Creating FMLModContainer instance for dev.kosmx.playerAnim.forge.ForgeModInterface
[05Jul2026 09:13:17.367] [main/DEBUG] [net.minecraftforge.fml.javafmlmod.FMLJavaModLanguageProvider/LOADING]: Loading FMLModContainer from classloader cpw.mods.modlauncher.TransformingClassLoader@6e3ecf5c - got cpw.mods.cl.ModuleClassLoader@59712875
[05Jul2026 09:13:17.367] [main/DEBUG] [net.minecraftforge.fml.javafmlmod.FMLModContainer/LOADING]: Creating FMLModContainer instance for mezz.jei.forge.JustEnoughItems
[05Jul2026 09:13:17.395] [modloading-worker-0/DEBUG] [net.minecraftforge.fml.javafmlmod.AutomaticEventSubscriber/LOADING]: Attempting to inject @EventBusSubscriber classes into the eventbus for playeranimator
[05Jul2026 09:13:17.411] [modloading-worker-0/DEBUG] [net.minecraftforge.fml.javafmlmod.AutomaticEventSubscriber/LOADING]: Auto-subscribing dev.kosmx.playerAnim.forge.ForgeClientEvent to MOD
[05Jul2026 09:13:17.420] [modloading-worker-0/DEBUG] [net.minecraftforge.fml.javafmlmod.AutomaticEventSubscriber/LOADING]: Attempting to inject @EventBusSubscriber classes into the eventbus for filters
[05Jul2026 09:13:17.439] [modloading-worker-0/DEBUG] [net.minecraftforge.versions.forge.ForgeVersion/CORE]: Forge Version package package net.minecraftforge.versions.forge, Forge, version 47.2 from cpw.mods.modlauncher.TransformingClassLoader@6e3ecf5c
[05Jul2026 09:13:17.440] [modloading-worker-0/DEBUG] [net.minecraftforge.versions.forge.ForgeVersion/CORE]: Found Forge version 47.2.1
[05Jul2026 09:13:17.440] [modloading-worker-0/DEBUG] [net.minecraftforge.versions.forge.ForgeVersion/CORE]: Found Forge spec 47.2
[05Jul2026 09:13:17.440] [modloading-worker-0/DEBUG] [net.minecraftforge.versions.forge.ForgeVersion/CORE]: Found Forge group net.minecraftforge
[05Jul2026 09:13:17.442] [modloading-worker-0/DEBUG] [net.minecraftforge.versions.mcp.MCPVersion/CORE]: MCP Version package package net.minecraftforge.versions.mcp, Minecraft, version 1.20.1 from cpw.mods.modlauncher.TransformingClassLoader@6e3ecf5c
[05Jul2026 09:13:17.442] [modloading-worker-0/DEBUG] [net.minecraftforge.versions.mcp.MCPVersion/CORE]: Found MC version information 1.20.1
[05Jul2026 09:13:17.442] [modloading-worker-0/DEBUG] [net.minecraftforge.versions.mcp.MCPVersion/CORE]: Found MCP version information 20230612.114412
[05Jul2026 09:13:17.442] [modloading-worker-0/INFO] [net.minecraftforge.common.ForgeMod/FORGEMOD]: Forge mod loading, version 47.2.1, for MC 1.20.1 with MCP 20230612.114412
[05Jul2026 09:13:17.444] [modloading-worker-0/INFO] [net.minecraftforge.common.MinecraftForge/FORGE]: MinecraftForge v47.2.1 Initialized
[05Jul2026 09:13:17.456] [modloading-worker-0/DEBUG] [net.minecraftforge.fml.config.ConfigTracker/CONFIG]: Config file jei-server.toml for jei tracking
[05Jul2026 09:13:17.477] [modloading-worker-0/DEBUG] [mixin/]: Mixing client.ClientPlayerEntityMixin from swem.forge.mixins.json into net.minecraft.client.player.LocalPlayer
[05Jul2026 09:13:17.486] [modloading-worker-0/DEBUG] [mixin/]: Mixing client.AbstractClientPlayerEntityMixin from swem.forge.mixins.json into net.minecraft.client.player.AbstractClientPlayer
[05Jul2026 09:13:17.509] [modloading-worker-0/DEBUG] [mixin/]: Mixing EffectRenderingInventoryScreenMixin from filters.mixins.json into net.minecraft.client.gui.screens.inventory.EffectRenderingInventoryScreen
[05Jul2026 09:13:17.514] [modloading-worker-0/DEBUG] [mixin/]: filters.mixins.json:EffectRenderingInventoryScreenMixin: Class version 61 required is higher than the class version supported by the current version of Mixin (JAVA_8 supports class version 52)
[05Jul2026 09:13:17.528] [modloading-worker-0/DEBUG] [mixin/]: Mixing client.AbstractContainerScreenMixin from swem.forge.mixins.json into net.minecraft.client.gui.screens.inventory.AbstractContainerScreen
[05Jul2026 09:13:17.529] [modloading-worker-0/DEBUG] [mixin/]: Renaming synthetic method lambda$renderNamedSlotTooltip$0(Lnet/minecraft/client/gui/GuiGraphics;IILnet/minecraft/network/chat/Component;)V to md654e01$lambda$renderNamedSlotTooltip$0$0 in swem.forge.mixins.json:client.AbstractContainerScreenMixin
[05Jul2026 09:13:17.602] [modloading-worker-0/WARN] [software.bernie.geckolib.GeckoLib/]: Minecraft.getInstance() was null, could not register reload listeners
[05Jul2026 09:13:17.613] [modloading-worker-0/DEBUG] [mezz.jei.common.platform.Services/]: Loaded mezz.jei.forge.platform.PlatformHelper@491c4841 for service interface mezz.jei.common.platform.IPlatformHelper
[05Jul2026 09:13:17.644] [modloading-worker-0/DEBUG] [net.minecraftforge.fml.javafmlmod.AutomaticEventSubscriber/LOADING]: Attempting to inject @EventBusSubscriber classes into the eventbus for jade
[05Jul2026 09:13:17.687] [modloading-worker-0/DEBUG] [io.netty.util.internal.PlatformDependent0/]: -Dio.netty.noUnsafe: false
[05Jul2026 09:13:17.688] [modloading-worker-0/DEBUG] [io.netty.util.internal.PlatformDependent0/]: Java version: 17
[05Jul2026 09:13:17.690] [modloading-worker-0/DEBUG] [io.netty.util.internal.PlatformDependent0/]: sun.misc.Unsafe.theUnsafe: available
[05Jul2026 09:13:17.692] [modloading-worker-0/DEBUG] [io.netty.util.internal.PlatformDependent0/]: sun.misc.Unsafe.copyMemory: available
[05Jul2026 09:13:17.693] [modloading-worker-0/DEBUG] [io.netty.util.internal.PlatformDependent0/]: sun.misc.Unsafe.storeFence: available
[05Jul2026 09:13:17.695] [modloading-worker-0/DEBUG] [io.netty.util.internal.PlatformDependent0/]: java.nio.Buffer.address: available
[05Jul2026 09:13:17.696] [modloading-worker-0/DEBUG] [io.netty.util.internal.PlatformDependent0/]: direct buffer constructor: unavailable
java.lang.UnsupportedOperationException: Reflective setAccessible(true) disabled
	at io.netty.util.internal.ReflectionUtil.trySetAccessible(ReflectionUtil.java:31) ~[netty-common-4.1.82.Final.jar%23151!/:4.1.82.Final]
	at io.netty.util.internal.PlatformDependent0$5.run(PlatformDependent0.java:288) ~[netty-common-4.1.82.Final.jar%23151!/:4.1.82.Final]
	at java.security.AccessController.doPrivileged(AccessController.java:318) ~[?:?]
	at io.netty.util.internal.PlatformDependent0.<clinit>(PlatformDependent0.java:282) ~[netty-common-4.1.82.Final.jar%23151!/:4.1.82.Final]
	at io.netty.util.internal.PlatformDependent.isAndroid(PlatformDependent.java:333) ~[netty-common-4.1.82.Final.jar%23151!/:4.1.82.Final]
	at io.netty.util.internal.PlatformDependent.<clinit>(PlatformDependent.java:88) ~[netty-common-4.1.82.Final.jar%23151!/:4.1.82.Final]
	at io.netty.util.ConstantPool.<init>(ConstantPool.java:34) ~[netty-common-4.1.82.Final.jar%23151!/:4.1.82.Final]
	at io.netty.util.AttributeKey$1.<init>(AttributeKey.java:27) ~[netty-common-4.1.82.Final.jar%23151!/:4.1.82.Final]
	at io.netty.util.AttributeKey.<clinit>(AttributeKey.java:27) ~[netty-common-4.1.82.Final.jar%23151!/:4.1.82.Final]
	at net.minecraftforge.network.NetworkConstants.<clinit>(NetworkConstants.java:34) ~[forge-1.20.1-47.2.1_mapped_parchment_2023.09.03-1.20.1-recomp.jar%23190%23197!/:?]
	at net.minecraftforge.common.ForgeMod.<init>(ForgeMod.java:429) ~[forge-1.20.1-47.2.1_mapped_parchment_2023.09.03-1.20.1-recomp.jar%23190%23197!/:?]
	at jdk.internal.reflect.NativeConstructorAccessorImpl.newInstance0(Native Method) ~[?:?]
	at jdk.internal.reflect.NativeConstructorAccessorImpl.newInstance(NativeConstructorAccessorImpl.java:77) ~[?:?]
	at jdk.internal.reflect.DelegatingConstructorAccessorImpl.newInstance(DelegatingConstructorAccessorImpl.java:45) ~[?:?]
	at java.lang.reflect.Constructor.newInstanceWithCaller(Constructor.java:500) ~[?:?]
	at java.lang.reflect.Constructor.newInstance(Constructor.java:481) ~[?:?]
	at net.minecraftforge.fml.javafmlmod.FMLModContainer.constructMod(FMLModContainer.java:70) ~[javafmllanguage-1.20.1-47.2.1.jar%23192!/:?]
	at net.minecraftforge.fml.ModContainer.lambda$buildTransitionHandler$10(ModContainer.java:123) ~[fmlcore-1.20.1-47.2.1.jar%23195!/:?]
	at java.util.concurrent.CompletableFuture$AsyncRun.run(CompletableFuture.java:1804) ~[?:?]
	at java.util.concurrent.CompletableFuture$AsyncRun.exec(CompletableFuture.java:1796) ~[?:?]
	at java.util.concurrent.ForkJoinTask.doExec(ForkJoinTask.java:373) ~[?:?]
	at java.util.concurrent.ForkJoinPool$WorkQueue.topLevelExec(ForkJoinPool.java:1182) ~[?:?]
	at java.util.concurrent.ForkJoinPool.scan(ForkJoinPool.java:1655) ~[?:?]
	at java.util.concurrent.ForkJoinPool.runWorker(ForkJoinPool.java:1622) ~[?:?]
	at java.util.concurrent.ForkJoinWorkerThread.run(ForkJoinWorkerThread.java:165) ~[?:?]
[05Jul2026 09:13:17.734] [modloading-worker-0/DEBUG] [io.netty.util.internal.PlatformDependent0/]: java.nio.Bits.unaligned: available, true
[05Jul2026 09:13:17.737] [modloading-worker-0/DEBUG] [io.netty.util.internal.PlatformDependent0/]: jdk.internal.misc.Unsafe.allocateUninitializedArray(int): unavailable
java.lang.IllegalAccessException: class io.netty.util.internal.PlatformDependent0$7 (in module io.netty.common) cannot access class jdk.internal.misc.Unsafe (in module java.base) because module java.base does not export jdk.internal.misc to module io.netty.common
	at jdk.internal.reflect.Reflection.newIllegalAccessException(Reflection.java:392) ~[?:?]
	at java.lang.reflect.AccessibleObject.checkAccess(AccessibleObject.java:674) ~[?:?]
	at java.lang.reflect.Method.invoke(Method.java:561) ~[?:?]
	at io.netty.util.internal.PlatformDependent0$7.run(PlatformDependent0.java:410) ~[netty-common-4.1.82.Final.jar%23151!/:4.1.82.Final]
	at java.security.AccessController.doPrivileged(AccessController.java:318) ~[?:?]
	at io.netty.util.internal.PlatformDependent0.<clinit>(PlatformDependent0.java:401) ~[netty-common-4.1.82.Final.jar%23151!/:4.1.82.Final]
	at io.netty.util.internal.PlatformDependent.isAndroid(PlatformDependent.java:333) ~[netty-common-4.1.82.Final.jar%23151!/:4.1.82.Final]
	at io.netty.util.internal.PlatformDependent.<clinit>(PlatformDependent.java:88) ~[netty-common-4.1.82.Final.jar%23151!/:4.1.82.Final]
	at io.netty.util.ConstantPool.<init>(ConstantPool.java:34) ~[netty-common-4.1.82.Final.jar%23151!/:4.1.82.Final]
	at io.netty.util.AttributeKey$1.<init>(AttributeKey.java:27) ~[netty-common-4.1.82.Final.jar%23151!/:4.1.82.Final]
	at io.netty.util.AttributeKey.<clinit>(AttributeKey.java:27) ~[netty-common-4.1.82.Final.jar%23151!/:4.1.82.Final]
	at net.minecraftforge.network.NetworkConstants.<clinit>(NetworkConstants.java:34) ~[forge-1.20.1-47.2.1_mapped_parchment_2023.09.03-1.20.1-recomp.jar%23190%23197!/:?]
	at net.minecraftforge.common.ForgeMod.<init>(ForgeMod.java:429) ~[forge-1.20.1-47.2.1_mapped_parchment_2023.09.03-1.20.1-recomp.jar%23190%23197!/:?]
	at jdk.internal.reflect.NativeConstructorAccessorImpl.newInstance0(Native Method) ~[?:?]
	at jdk.internal.reflect.NativeConstructorAccessorImpl.newInstance(NativeConstructorAccessorImpl.java:77) ~[?:?]
	at jdk.internal.reflect.DelegatingConstructorAccessorImpl.newInstance(DelegatingConstructorAccessorImpl.java:45) ~[?:?]
	at java.lang.reflect.Constructor.newInstanceWithCaller(Constructor.java:500) ~[?:?]
	at java.lang.reflect.Constructor.newInstance(Constructor.java:481) ~[?:?]
	at net.minecraftforge.fml.javafmlmod.FMLModContainer.constructMod(FMLModContainer.java:70) ~[javafmllanguage-1.20.1-47.2.1.jar%23192!/:?]
	at net.minecraftforge.fml.ModContainer.lambda$buildTransitionHandler$10(ModContainer.java:123) ~[fmlcore-1.20.1-47.2.1.jar%23195!/:?]
	at java.util.concurrent.CompletableFuture$AsyncRun.run(CompletableFuture.java:1804) ~[?:?]
	at java.util.concurrent.CompletableFuture$AsyncRun.exec(CompletableFuture.java:1796) ~[?:?]
	at java.util.concurrent.ForkJoinTask.doExec(ForkJoinTask.java:373) ~[?:?]
	at java.util.concurrent.ForkJoinPool$WorkQueue.topLevelExec(ForkJoinPool.java:1182) ~[?:?]
	at java.util.concurrent.ForkJoinPool.scan(ForkJoinPool.java:1655) ~[?:?]
	at java.util.concurrent.ForkJoinPool.runWorker(ForkJoinPool.java:1622) ~[?:?]
	at java.util.concurrent.ForkJoinWorkerThread.run(ForkJoinWorkerThread.java:165) ~[?:?]
[05Jul2026 09:13:17.741] [modloading-worker-0/DEBUG] [io.netty.util.internal.PlatformDependent0/]: java.nio.DirectByteBuffer.<init>(long, int): unavailable
[05Jul2026 09:13:17.742] [modloading-worker-0/DEBUG] [io.netty.util.internal.PlatformDependent/]: sun.misc.Unsafe: available
[05Jul2026 09:13:17.743] [modloading-worker-0/DEBUG] [io.netty.util.internal.PlatformDependent/]: maxDirectMemory: 4276092928 bytes (maybe)
[05Jul2026 09:13:17.744] [modloading-worker-0/DEBUG] [io.netty.util.internal.PlatformDependent/]: -Dio.netty.tmpdir: C:\Users\riley\AppData\Local\Temp (java.io.tmpdir)
[05Jul2026 09:13:17.744] [modloading-worker-0/DEBUG] [io.netty.util.internal.PlatformDependent/]: -Dio.netty.bitMode: 64 (sun.arch.data.model)
[05Jul2026 09:13:17.744] [modloading-worker-0/DEBUG] [io.netty.util.internal.PlatformDependent/]: Platform: Windows
[05Jul2026 09:13:17.745] [modloading-worker-0/DEBUG] [net.minecraftforge.fml.javafmlmod.AutomaticEventSubscriber/LOADING]: Attempting to inject @EventBusSubscriber classes into the eventbus for geckolib
[05Jul2026 09:13:17.745] [modloading-worker-0/DEBUG] [net.minecraftforge.fml.javafmlmod.AutomaticEventSubscriber/LOADING]: Auto-subscribing software.bernie.example.GeckoLibMod to FORGE
[05Jul2026 09:13:17.745] [modloading-worker-0/DEBUG] [net.minecraftforge.fml.javafmlmod.AutomaticEventSubscriber/LOADING]: Auto-subscribing software.bernie.example.CommonListener to MOD
[05Jul2026 09:13:17.747] [modloading-worker-0/DEBUG] [io.netty.util.internal.PlatformDependent/]: -Dio.netty.maxDirectMemory: -1 bytes
[05Jul2026 09:13:17.747] [modloading-worker-0/DEBUG] [io.netty.util.internal.PlatformDependent/]: -Dio.netty.uninitializedArrayAllocationThreshold: -1
[05Jul2026 09:13:17.750] [modloading-worker-0/DEBUG] [net.minecraftforge.fml.javafmlmod.AutomaticEventSubscriber/LOADING]: Auto-subscribing software.bernie.example.ClientListener to MOD
[05Jul2026 09:13:17.751] [modloading-worker-0/DEBUG] [io.netty.util.internal.CleanerJava9/]: java.nio.ByteBuffer.cleaner(): available
[05Jul2026 09:13:17.751] [modloading-worker-0/DEBUG] [io.netty.util.internal.PlatformDependent/]: -Dio.netty.noPreferDirect: false
[05Jul2026 09:13:17.803] [modloading-worker-0/DEBUG] [mezz.jei.common.config.file.ConfigSerializer/]: Saving config file: C:\Users\riley\IdeaProjects\Tre-Tack-Shop--1.20.1\run-data\config\jei\jei-debug.ini
[05Jul2026 09:13:17.822] [modloading-worker-0/DEBUG] [mezz.jei.common.config.file.ConfigSerializer/]: Saving config file: C:\Users\riley\IdeaProjects\Tre-Tack-Shop--1.20.1\run-data\config\jei\jei-mod-id-format.ini
[05Jul2026 09:13:17.832] [modloading-worker-0/DEBUG] [mezz.jei.common.config.file.ConfigSerializer/]: Saving config file: C:\Users\riley\IdeaProjects\Tre-Tack-Shop--1.20.1\run-data\config\jei\jei-colors.ini
[05Jul2026 09:13:17.846] [modloading-worker-0/DEBUG] [net.minecraftforge.common.ForgeMod/FORGEMOD]: Loading Network data for FML net version: FML3
[05Jul2026 09:13:17.848] [modloading-worker-0/DEBUG] [mezz.jei.common.config.file.ConfigSerializer/]: Saving config file: C:\Users\riley\IdeaProjects\Tre-Tack-Shop--1.20.1\run-data\config\jei\jei-client.ini
[05Jul2026 09:13:17.860] [modloading-worker-0/INFO] [mezz.jei.library.load.PluginCaller/]: Sending ConfigManager...
[05Jul2026 09:13:17.867] [modloading-worker-0/DEBUG] [mezz.jei.library.load.PluginCallerTimerRunnable/]: Sending ConfigManager: jei:minecraft...
[05Jul2026 09:13:17.867] [modloading-worker-0/DEBUG] [mezz.jei.library.load.PluginCallerTimerRunnable/]: Sending ConfigManager: jade:main...
[05Jul2026 09:13:17.868] [modloading-worker-0/DEBUG] [mezz.jei.library.load.PluginCallerTimerRunnable/]: Sending ConfigManager: jei:swem...
[05Jul2026 09:13:17.868] [modloading-worker-0/DEBUG] [mezz.jei.library.load.PluginCallerTimerRunnable/]: Sending ConfigManager: jei:debug...
[05Jul2026 09:13:17.868] [modloading-worker-0/DEBUG] [mezz.jei.library.load.PluginCallerTimerRunnable/]: Sending ConfigManager: jei:gui...
[05Jul2026 09:13:17.868] [modloading-worker-0/DEBUG] [mezz.jei.library.load.PluginCallerTimerRunnable/]: Sending ConfigManager: jei:forge_gui...
[05Jul2026 09:13:17.868] [modloading-worker-0/DEBUG] [mezz.jei.library.load.PluginCallerTimerRunnable/]: Sending ConfigManager: jei:internal...
[05Jul2026 09:13:17.870] [modloading-worker-0/INFO] [mezz.jei.library.load.PluginCaller/]: Sending ConfigManager took 7.530 ms
[05Jul2026 09:13:17.889] [modloading-worker-0/DEBUG] [net.minecraftforge.fml.javafmlmod.AutomaticEventSubscriber/LOADING]: Attempting to inject @EventBusSubscriber classes into the eventbus for jei
[05Jul2026 09:13:17.893] [modloading-worker-0/DEBUG] [net.minecraftforge.fml.config.ConfigTracker/CONFIG]: Config file forge-client.toml for forge tracking
[05Jul2026 09:13:17.893] [modloading-worker-0/DEBUG] [net.minecraftforge.fml.config.ConfigTracker/CONFIG]: Config file forge-server.toml for forge tracking
[05Jul2026 09:13:17.893] [modloading-worker-0/DEBUG] [net.minecraftforge.fml.ModLoadingContext/]: Attempted to register an empty config for type COMMON on mod forge
[05Jul2026 09:13:17.908] [modloading-worker-0/DEBUG] [net.minecraftforge.fml.javafmlmod.AutomaticEventSubscriber/LOADING]: Attempting to inject @EventBusSubscriber classes into the eventbus for tretackshop
[05Jul2026 09:13:17.908] [modloading-worker-0/DEBUG] [net.minecraftforge.fml.javafmlmod.AutomaticEventSubscriber/LOADING]: Auto-subscribing com.kyraltre.tretackshop.client.TreTackFilter to MOD
[05Jul2026 09:13:17.912] [modloading-worker-0/DEBUG] [net.minecraftforge.fml.javafmlmod.AutomaticEventSubscriber/LOADING]: Auto-subscribing com.kyraltre.tretackshop.datagen.TreTackShopDataGen to MOD
[05Jul2026 09:13:17.914] [modloading-worker-0/DEBUG] [net.minecraftforge.fml.javafmlmod.AutomaticEventSubscriber/LOADING]: Auto-subscribing com.kyraltre.tretackshop.registry.MissingMappingHandler to FORGE
[05Jul2026 09:13:17.918] [modloading-worker-0/DEBUG] [net.minecraftforge.fml.javafmlmod.AutomaticEventSubscriber/LOADING]: Auto-subscribing com.kyraltre.tretackshop.TreTackShop$ClientModEvents to MOD
[05Jul2026 09:13:17.918] [modloading-worker-0/DEBUG] [net.minecraftforge.fml.config.ConfigTracker/CONFIG]: Config file swem-server.toml for swem tracking
[05Jul2026 09:13:17.920] [modloading-worker-0/DEBUG] [net.minecraftforge.fml.config.ConfigTracker/CONFIG]: Config file swem/swem-common.toml for swem tracking
[05Jul2026 09:13:17.922] [modloading-worker-0/DEBUG] [net.minecraftforge.fml.config.ConfigTracker/CONFIG]: Config file swem/swem-recipe-control.toml for swem tracking
[05Jul2026 09:13:17.924] [modloading-worker-0/DEBUG] [net.minecraftforge.fml.config.ConfigTracker/CONFIG]: Config file swem/swem-client.toml for swem tracking
[05Jul2026 09:13:17.924] [modloading-worker-0/DEBUG] [net.minecraftforge.fml.javafmlmod.AutomaticEventSubscriber/LOADING]: Attempting to inject @EventBusSubscriber classes into the eventbus for forge
[05Jul2026 09:13:17.924] [modloading-worker-0/DEBUG] [net.minecraftforge.fml.javafmlmod.AutomaticEventSubscriber/LOADING]: Auto-subscribing net.minecraftforge.common.ForgeSpawnEggItem$CommonHandler to MOD
[05Jul2026 09:13:17.926] [modloading-worker-0/DEBUG] [net.minecraftforge.fml.javafmlmod.AutomaticEventSubscriber/LOADING]: Auto-subscribing net.minecraftforge.common.ForgeSpawnEggItem$ColorRegisterHandler to MOD
[05Jul2026 09:13:17.932] [modloading-worker-0/DEBUG] [net.minecraftforge.fml.javafmlmod.AutomaticEventSubscriber/LOADING]: Auto-subscribing net.minecraftforge.client.model.data.ModelDataManager to FORGE
[05Jul2026 09:13:17.935] [modloading-worker-0/DEBUG] [net.minecraftforge.fml.javafmlmod.AutomaticEventSubscriber/LOADING]: Auto-subscribing net.minecraftforge.client.ForgeHooksClient$ClientEvents to MOD
[05Jul2026 09:13:17.937] [modloading-worker-0/INFO] [com.alaharranhonor.swem.forge.ModRef/]: No community packs found.
[05Jul2026 09:13:17.938] [modloading-worker-0/DEBUG] [net.minecraftforge.fml.javafmlmod.AutomaticEventSubscriber/LOADING]: Attempting to inject @EventBusSubscriber classes into the eventbus for swem
[05Jul2026 09:13:17.938] [modloading-worker-0/DEBUG] [net.minecraftforge.fml.javafmlmod.AutomaticEventSubscriber/LOADING]: Auto-subscribing com.alaharranhonor.swem.forge.registry.RecipeConditionSetup to MOD
[05Jul2026 09:13:17.941] [modloading-worker-0/DEBUG] [net.minecraftforge.fml.javafmlmod.AutomaticEventSubscriber/LOADING]: Auto-subscribing com.alaharranhonor.swem.forge.items.tools.AmethystShield$OnInventoryChangeListener to FORGE
[05Jul2026 09:13:17.943] [modloading-worker-0/DEBUG] [net.minecraftforge.fml.javafmlmod.AutomaticEventSubscriber/LOADING]: Auto-subscribing com.alaharranhonor.swem.forge.integration.placeableitems.PlaceableItemsSWEMBlockRegistry to MOD
[05Jul2026 09:13:17.943] [modloading-worker-0/DEBUG] [net.minecraftforge.fml.javafmlmod.AutomaticEventSubscriber/LOADING]: Auto-subscribing com.alaharranhonor.swem.forge.eventhandlers.ModEventHandler to MOD
[05Jul2026 09:13:17.945] [modloading-worker-0/DEBUG] [net.minecraftforge.fml.javafmlmod.AutomaticEventSubscriber/LOADING]: Auto-subscribing net.minecraftforge.client.ClientForgeMod to MOD
[05Jul2026 09:13:17.947] [modloading-worker-0/DEBUG] [net.minecraftforge.fml.javafmlmod.AutomaticEventSubscriber/LOADING]: Auto-subscribing com.alaharranhonor.swem.forge.eventhandlers.HorseEventHandler to FORGE
[05Jul2026 09:13:17.953] [modloading-worker-0/DEBUG] [net.minecraftforge.fml.javafmlmod.AutomaticEventSubscriber/LOADING]: Auto-subscribing com.alaharranhonor.swem.forge.eventhandlers.CommonEventHandler to FORGE
[05Jul2026 09:13:17.990] [modloading-worker-0/DEBUG] [net.minecraftforge.fml.javafmlmod.AutomaticEventSubscriber/LOADING]: Auto-subscribing com.alaharranhonor.swem.forge.datagen.DataGenerators to MOD
[05Jul2026 09:13:17.994] [modloading-worker-0/DEBUG] [net.minecraftforge.fml.javafmlmod.AutomaticEventSubscriber/LOADING]: Auto-subscribing com.alaharranhonor.swem.forge.data.HorseDataManager$EventHandler to FORGE
[05Jul2026 09:13:17.999] [modloading-worker-0/DEBUG] [net.minecraftforge.fml.javafmlmod.AutomaticEventSubscriber/LOADING]: Auto-subscribing com.alaharranhonor.swem.forge.config.ServerConfig to MOD
[05Jul2026 09:13:18.000] [modloading-worker-0/DEBUG] [net.minecraftforge.fml.javafmlmod.AutomaticEventSubscriber/LOADING]: Auto-subscribing com.alaharranhonor.swem.forge.config.ClientConfig to MOD
[05Jul2026 09:13:18.000] [modloading-worker-0/DEBUG] [net.minecraftforge.fml.javafmlmod.AutomaticEventSubscriber/LOADING]: Auto-subscribing com.alaharranhonor.swem.forge.community.event.CommunityModEvents to MOD
[05Jul2026 09:13:18.002] [modloading-worker-0/DEBUG] [net.minecraftforge.fml.javafmlmod.AutomaticEventSubscriber/LOADING]: Auto-subscribing com.alaharranhonor.swem.forge.community.event.CommunityClientModEvents to MOD
[05Jul2026 09:13:18.012] [modloading-worker-0/DEBUG] [net.minecraftforge.fml.javafmlmod.AutomaticEventSubscriber/LOADING]: Auto-subscribing com.alaharranhonor.swem.forge.client.eventhandlers.ClientModEventHandler to MOD
[05Jul2026 09:13:18.032] [modloading-worker-0/DEBUG] [net.minecraftforge.fml.javafmlmod.AutomaticEventSubscriber/LOADING]: Auto-subscribing com.alaharranhonor.swem.forge.client.eventhandlers.ClientEventHandler to FORGE
[05Jul2026 09:13:18.051] [modloading-worker-0/DEBUG] [mixin/]: Mixing firstPerson.CameraAccessor from playerAnimator-common.mixins.json into net.minecraft.client.Camera
[05Jul2026 09:13:18.051] [modloading-worker-0/DEBUG] [mixin/]: playerAnimator-common.mixins.json:firstPerson.CameraAccessor: Class version 61 required is higher than the class version supported by the current version of Mixin (JAVA_16 supports class version 60)
[05Jul2026 09:13:18.059] [modloading-worker-0/DEBUG] [net.minecraftforge.fml.javafmlmod.AutomaticEventSubscriber/LOADING]: Auto-subscribing com.alaharranhonor.swem.forge.blocks.GrainBinBlock$Events to FORGE
[05Jul2026 09:13:18.061] [modloading-worker-0/DEBUG] [net.minecraftforge.fml.javafmlmod.AutomaticEventSubscriber/LOADING]: Auto-subscribing com.alaharranhonor.swem.forge.armor.NetheriteRidingBoots$NetheriteRidingBootsAbilities to FORGE
[05Jul2026 09:13:18.062] [modloading-worker-0/DEBUG] [net.minecraftforge.fml.javafmlmod.AutomaticEventSubscriber/LOADING]: Auto-subscribing com.alaharranhonor.swem.forge.armor.IronRidingBoots$IronRidingBootsAbilities to FORGE
[05Jul2026 09:13:18.063] [modloading-worker-0/DEBUG] [net.minecraftforge.fml.javafmlmod.AutomaticEventSubscriber/LOADING]: Auto-subscribing com.alaharranhonor.swem.forge.armor.GlowRidingBoots$GlowRidingBootsEquipped to FORGE
[05Jul2026 09:13:18.066] [modloading-worker-0/DEBUG] [net.minecraftforge.fml.javafmlmod.AutomaticEventSubscriber/LOADING]: Auto-subscribing com.alaharranhonor.swem.forge.armor.AmethystRidingBoots$AmethystRidingBootsEquipped to FORGE
[05Jul2026 09:13:18.068] [modloading-worker-0/DEBUG] [net.minecraftforge.fml.javafmlmod.AutomaticEventSubscriber/LOADING]: Auto-subscribing com.alaharranhonor.swem.forge.armor.AmethystLeggings$LastStand to FORGE
[05Jul2026 09:13:18.069] [modloading-worker-0/DEBUG] [net.minecraftforge.fml.javafmlmod.AutomaticEventSubscriber/LOADING]: Auto-subscribing com.alaharranhonor.swem.forge.armor.AmethystChestplate$KnockbackNegation to FORGE
[05Jul2026 09:13:18.108] [main/DEBUG] [net.minecraftforge.registries.ObjectHolderRegistry/REGISTRIES]: Processing ObjectHolder annotations
[05Jul2026 09:13:18.133] [main/DEBUG] [net.minecraftforge.registries.ObjectHolderRegistry/REGISTRIES]: Found 8548 ObjectHolder annotations
[05Jul2026 09:13:18.138] [main/DEBUG] [net.minecraftforge.common.capabilities.CapabilityManager/CAPABILITIES]: Attempting to automatically register: Lnet/minecraftforge/energy/IEnergyStorage;
[05Jul2026 09:13:18.140] [main/DEBUG] [net.minecraftforge.common.capabilities.CapabilityManager/CAPABILITIES]: Attempting to automatically register: Lnet/minecraftforge/fluids/capability/IFluidHandler;
[05Jul2026 09:13:18.140] [main/DEBUG] [net.minecraftforge.common.capabilities.CapabilityManager/CAPABILITIES]: Attempting to automatically register: Lnet/minecraftforge/fluids/capability/IFluidHandlerItem;
[05Jul2026 09:13:18.140] [main/DEBUG] [net.minecraftforge.common.capabilities.CapabilityManager/CAPABILITIES]: Attempting to automatically register: Lnet/minecraftforge/items/IItemHandler;
[05Jul2026 09:13:18.142] [main/DEBUG] [net.minecraftforge.registries.GameData/REGISTRIES]: Unfreezing vanilla registries
[05Jul2026 09:13:18.146] [main/DEBUG] [net.minecraftforge.registries.GameData/REGISTRIES]: Applying holder lookups: minecraft:sound_event
[05Jul2026 09:13:18.152] [main/DEBUG] [net.minecraftforge.registries.GameData/REGISTRIES]: Holder lookups applied: minecraft:sound_event
[05Jul2026 09:13:18.152] [main/DEBUG] [net.minecraftforge.registries.GameData/REGISTRIES]: Applying holder lookups: minecraft:fluid
[05Jul2026 09:13:18.155] [main/DEBUG] [net.minecraftforge.registries.GameData/REGISTRIES]: Holder lookups applied: minecraft:fluid
[05Jul2026 09:13:18.651] [main/DEBUG] [net.minecraftforge.registries.GameData/REGISTRIES]: Applying holder lookups: minecraft:block
[05Jul2026 09:13:18.654] [main/DEBUG] [net.minecraftforge.registries.GameData/REGISTRIES]: Holder lookups applied: minecraft:block
[05Jul2026 09:13:18.654] [main/DEBUG] [net.minecraftforge.registries.GameData/REGISTRIES]: Applying holder lookups: minecraft:attribute
[05Jul2026 09:13:18.656] [main/DEBUG] [net.minecraftforge.registries.GameData/REGISTRIES]: Holder lookups applied: minecraft:attribute
[05Jul2026 09:13:18.656] [main/DEBUG] [net.minecraftforge.registries.GameData/REGISTRIES]: Applying holder lookups: minecraft:mob_effect
[05Jul2026 09:13:18.657] [main/DEBUG] [net.minecraftforge.registries.GameData/REGISTRIES]: Holder lookups applied: minecraft:mob_effect
[05Jul2026 09:13:18.657] [main/DEBUG] [net.minecraftforge.registries.GameData/REGISTRIES]: Applying holder lookups: minecraft:particle_type
[05Jul2026 09:13:18.658] [main/DEBUG] [net.minecraftforge.registries.GameData/REGISTRIES]: Holder lookups applied: minecraft:particle_type
[05Jul2026 09:13:18.666] [main/DEBUG] [software.bernie.geckolib.GeckoLib/]: Registered SyncedAnimatable for class software.bernie.example.item.JackInTheBoxItem
[05Jul2026 09:13:18.730] [main/DEBUG] [net.minecraftforge.registries.GameData/REGISTRIES]: Applying holder lookups: minecraft:item
[05Jul2026 09:13:18.734] [main/DEBUG] [net.minecraftforge.registries.GameData/REGISTRIES]: Holder lookups applied: minecraft:item
[05Jul2026 09:13:18.745] [main/DEBUG] [net.minecraftforge.registries.GameData/REGISTRIES]: Applying holder lookups: minecraft:entity_type
[05Jul2026 09:13:18.746] [main/DEBUG] [net.minecraftforge.registries.GameData/REGISTRIES]: Holder lookups applied: minecraft:entity_type
[05Jul2026 09:13:18.747] [main/DEBUG] [net.minecraftforge.registries.GameData/REGISTRIES]: Applying holder lookups: minecraft:sensor_type
[05Jul2026 09:13:18.747] [main/DEBUG] [net.minecraftforge.registries.GameData/REGISTRIES]: Holder lookups applied: minecraft:sensor_type
[05Jul2026 09:13:18.747] [main/DEBUG] [net.minecraftforge.registries.GameData/REGISTRIES]: Applying holder lookups: minecraft:memory_module_type
[05Jul2026 09:13:18.747] [main/DEBUG] [net.minecraftforge.registries.GameData/REGISTRIES]: Holder lookups applied: minecraft:memory_module_type
[05Jul2026 09:13:18.748] [main/DEBUG] [net.minecraftforge.registries.GameData/REGISTRIES]: Applying holder lookups: minecraft:potion
[05Jul2026 09:13:18.748] [main/DEBUG] [net.minecraftforge.registries.GameData/REGISTRIES]: Holder lookups applied: minecraft:potion
[05Jul2026 09:13:18.748] [main/DEBUG] [net.minecraftforge.registries.GameData/REGISTRIES]: Applying holder lookups: minecraft:game_event
[05Jul2026 09:13:18.748] [main/DEBUG] [net.minecraftforge.registries.GameData/REGISTRIES]: Holder lookups applied: minecraft:game_event
[05Jul2026 09:13:18.750] [main/DEBUG] [net.minecraftforge.registries.GameData/REGISTRIES]: Applying holder lookups: minecraft:enchantment
[05Jul2026 09:13:18.752] [main/DEBUG] [net.minecraftforge.registries.GameData/REGISTRIES]: Holder lookups applied: minecraft:enchantment
[05Jul2026 09:13:18.763] [main/DEBUG] [net.minecraftforge.registries.GameData/REGISTRIES]: Applying holder lookups: minecraft:block_entity_type
[05Jul2026 09:13:18.764] [main/DEBUG] [net.minecraftforge.registries.GameData/REGISTRIES]: Holder lookups applied: minecraft:block_entity_type
[05Jul2026 09:13:18.764] [main/DEBUG] [net.minecraftforge.registries.GameData/REGISTRIES]: Applying holder lookups: minecraft:painting_variant
[05Jul2026 09:13:18.764] [main/DEBUG] [net.minecraftforge.registries.GameData/REGISTRIES]: Holder lookups applied: minecraft:painting_variant
[05Jul2026 09:13:18.764] [main/DEBUG] [net.minecraftforge.registries.GameData/REGISTRIES]: Applying holder lookups: minecraft:stat_type
[05Jul2026 09:13:18.764] [main/DEBUG] [net.minecraftforge.registries.GameData/REGISTRIES]: Holder lookups applied: minecraft:stat_type
[05Jul2026 09:13:18.765] [main/DEBUG] [net.minecraftforge.registries.GameData/REGISTRIES]: Applying holder lookups: minecraft:custom_stat
[05Jul2026 09:13:18.766] [main/DEBUG] [net.minecraftforge.registries.GameData/REGISTRIES]: Holder lookups applied: minecraft:custom_stat
[05Jul2026 09:13:18.766] [main/DEBUG] [net.minecraftforge.registries.GameData/REGISTRIES]: Applying holder lookups: minecraft:chunk_status
[05Jul2026 09:13:18.766] [main/DEBUG] [net.minecraftforge.registries.GameData/REGISTRIES]: Holder lookups applied: minecraft:chunk_status
[05Jul2026 09:13:18.766] [main/DEBUG] [net.minecraftforge.registries.GameData/REGISTRIES]: Applying holder lookups: minecraft:rule_test
[05Jul2026 09:13:18.767] [main/DEBUG] [net.minecraftforge.registries.GameData/REGISTRIES]: Holder lookups applied: minecraft:rule_test
[05Jul2026 09:13:18.767] [main/DEBUG] [net.minecraftforge.registries.GameData/REGISTRIES]: Applying holder lookups: minecraft:rule_block_entity_modifier
[05Jul2026 09:13:18.767] [main/DEBUG] [net.minecraftforge.registries.GameData/REGISTRIES]: Holder lookups applied: minecraft:rule_block_entity_modifier
[05Jul2026 09:13:18.767] [main/DEBUG] [net.minecraftforge.registries.GameData/REGISTRIES]: Applying holder lookups: minecraft:pos_rule_test
[05Jul2026 09:13:18.768] [main/DEBUG] [net.minecraftforge.registries.GameData/REGISTRIES]: Holder lookups applied: minecraft:pos_rule_test
[05Jul2026 09:13:18.781] [main/DEBUG] [net.minecraftforge.registries.GameData/REGISTRIES]: Applying holder lookups: minecraft:menu
[05Jul2026 09:13:18.782] [main/DEBUG] [net.minecraftforge.registries.GameData/REGISTRIES]: Holder lookups applied: minecraft:menu
[05Jul2026 09:13:18.783] [main/DEBUG] [net.minecraftforge.registries.GameData/REGISTRIES]: Applying holder lookups: minecraft:recipe_type
[05Jul2026 09:13:18.784] [main/DEBUG] [net.minecraftforge.registries.GameData/REGISTRIES]: Holder lookups applied: minecraft:recipe_type
[05Jul2026 09:13:18.792] [main/DEBUG] [net.minecraftforge.registries.GameData/REGISTRIES]: Applying holder lookups: minecraft:recipe_serializer
[05Jul2026 09:13:18.793] [main/DEBUG] [net.minecraftforge.registries.GameData/REGISTRIES]: Holder lookups applied: minecraft:recipe_serializer
[05Jul2026 09:13:18.793] [main/DEBUG] [net.minecraftforge.registries.GameData/REGISTRIES]: Applying holder lookups: minecraft:position_source_type
[05Jul2026 09:13:18.793] [main/DEBUG] [net.minecraftforge.registries.GameData/REGISTRIES]: Holder lookups applied: minecraft:position_source_type
[05Jul2026 09:13:18.796] [main/DEBUG] [net.minecraftforge.registries.GameData/REGISTRIES]: Applying holder lookups: minecraft:command_argument_type
[05Jul2026 09:13:18.797] [main/DEBUG] [net.minecraftforge.registries.GameData/REGISTRIES]: Holder lookups applied: minecraft:command_argument_type
[05Jul2026 09:13:18.797] [main/DEBUG] [net.minecraftforge.registries.GameData/REGISTRIES]: Applying holder lookups: minecraft:villager_type
[05Jul2026 09:13:18.798] [main/DEBUG] [net.minecraftforge.registries.GameData/REGISTRIES]: Holder lookups applied: minecraft:villager_type
[05Jul2026 09:13:18.798] [main/DEBUG] [net.minecraftforge.registries.GameData/REGISTRIES]: Applying holder lookups: minecraft:villager_profession
[05Jul2026 09:13:18.799] [main/DEBUG] [net.minecraftforge.registries.GameData/REGISTRIES]: Holder lookups applied: minecraft:villager_profession
[05Jul2026 09:13:18.799] [main/DEBUG] [net.minecraftforge.registries.GameData/REGISTRIES]: Applying holder lookups: minecraft:point_of_interest_type
[05Jul2026 09:13:18.799] [main/DEBUG] [net.minecraftforge.registries.GameData/REGISTRIES]: Holder lookups applied: minecraft:point_of_interest_type
[05Jul2026 09:13:18.799] [main/DEBUG] [net.minecraftforge.registries.GameData/REGISTRIES]: Applying holder lookups: minecraft:schedule
[05Jul2026 09:13:18.800] [main/DEBUG] [net.minecraftforge.registries.GameData/REGISTRIES]: Holder lookups applied: minecraft:schedule
[05Jul2026 09:13:18.800] [main/DEBUG] [net.minecraftforge.registries.GameData/REGISTRIES]: Applying holder lookups: minecraft:activity
[05Jul2026 09:13:18.800] [main/DEBUG] [net.minecraftforge.registries.GameData/REGISTRIES]: Holder lookups applied: minecraft:activity
[05Jul2026 09:13:18.800] [main/DEBUG] [net.minecraftforge.registries.GameData/REGISTRIES]: Applying holder lookups: minecraft:loot_pool_entry_type
[05Jul2026 09:13:18.800] [main/DEBUG] [net.minecraftforge.registries.GameData/REGISTRIES]: Holder lookups applied: minecraft:loot_pool_entry_type
[05Jul2026 09:13:18.800] [main/DEBUG] [net.minecraftforge.registries.GameData/REGISTRIES]: Applying holder lookups: minecraft:loot_function_type
[05Jul2026 09:13:18.801] [main/DEBUG] [net.minecraftforge.registries.GameData/REGISTRIES]: Holder lookups applied: minecraft:loot_function_type
[05Jul2026 09:13:18.803] [main/DEBUG] [net.minecraftforge.registries.GameData/REGISTRIES]: Applying holder lookups: minecraft:loot_condition_type
[05Jul2026 09:13:18.804] [main/DEBUG] [net.minecraftforge.registries.GameData/REGISTRIES]: Holder lookups applied: minecraft:loot_condition_type
[05Jul2026 09:13:18.804] [main/DEBUG] [net.minecraftforge.registries.GameData/REGISTRIES]: Applying holder lookups: minecraft:loot_number_provider_type
[05Jul2026 09:13:18.805] [main/DEBUG] [net.minecraftforge.registries.GameData/REGISTRIES]: Holder lookups applied: minecraft:loot_number_provider_type
[05Jul2026 09:13:18.805] [main/DEBUG] [net.minecraftforge.registries.GameData/REGISTRIES]: Applying holder lookups: minecraft:loot_nbt_provider_type
[05Jul2026 09:13:18.805] [main/DEBUG] [net.minecraftforge.registries.GameData/REGISTRIES]: Holder lookups applied: minecraft:loot_nbt_provider_type
[05Jul2026 09:13:18.805] [main/DEBUG] [net.minecraftforge.registries.GameData/REGISTRIES]: Applying holder lookups: minecraft:loot_score_provider_type
[05Jul2026 09:13:18.805] [main/DEBUG] [net.minecraftforge.registries.GameData/REGISTRIES]: Holder lookups applied: minecraft:loot_score_provider_type
[05Jul2026 09:13:18.805] [main/DEBUG] [net.minecraftforge.registries.GameData/REGISTRIES]: Applying holder lookups: minecraft:float_provider_type
[05Jul2026 09:13:18.805] [main/DEBUG] [net.minecraftforge.registries.GameData/REGISTRIES]: Holder lookups applied: minecraft:float_provider_type
[05Jul2026 09:13:18.805] [main/DEBUG] [net.minecraftforge.registries.GameData/REGISTRIES]: Applying holder lookups: minecraft:int_provider_type
[05Jul2026 09:13:18.806] [main/DEBUG] [net.minecraftforge.registries.GameData/REGISTRIES]: Holder lookups applied: minecraft:int_provider_type
[05Jul2026 09:13:18.806] [main/DEBUG] [net.minecraftforge.registries.GameData/REGISTRIES]: Applying holder lookups: minecraft:height_provider_type
[05Jul2026 09:13:18.806] [main/DEBUG] [net.minecraftforge.registries.GameData/REGISTRIES]: Holder lookups applied: minecraft:height_provider_type
[05Jul2026 09:13:18.806] [main/DEBUG] [net.minecraftforge.registries.GameData/REGISTRIES]: Applying holder lookups: minecraft:block_predicate_type
[05Jul2026 09:13:18.807] [main/DEBUG] [net.minecraftforge.registries.GameData/REGISTRIES]: Holder lookups applied: minecraft:block_predicate_type
[05Jul2026 09:13:18.807] [main/DEBUG] [net.minecraftforge.registries.GameData/REGISTRIES]: Applying holder lookups: minecraft:worldgen/carver
[05Jul2026 09:13:18.807] [main/DEBUG] [net.minecraftforge.registries.GameData/REGISTRIES]: Holder lookups applied: minecraft:worldgen/carver
[05Jul2026 09:13:18.807] [main/DEBUG] [net.minecraftforge.registries.GameData/REGISTRIES]: Applying holder lookups: minecraft:worldgen/feature
[05Jul2026 09:13:18.808] [main/DEBUG] [net.minecraftforge.registries.GameData/REGISTRIES]: Holder lookups applied: minecraft:worldgen/feature
[05Jul2026 09:13:18.808] [main/DEBUG] [net.minecraftforge.registries.GameData/REGISTRIES]: Applying holder lookups: minecraft:worldgen/structure_processor
[05Jul2026 09:13:18.808] [main/DEBUG] [net.minecraftforge.registries.GameData/REGISTRIES]: Holder lookups applied: minecraft:worldgen/structure_processor
[05Jul2026 09:13:18.808] [main/DEBUG] [net.minecraftforge.registries.GameData/REGISTRIES]: Applying holder lookups: minecraft:worldgen/structure_placement
[05Jul2026 09:13:18.809] [main/DEBUG] [net.minecraftforge.registries.GameData/REGISTRIES]: Holder lookups applied: minecraft:worldgen/structure_placement
[05Jul2026 09:13:18.809] [main/DEBUG] [net.minecraftforge.registries.GameData/REGISTRIES]: Applying holder lookups: minecraft:worldgen/structure_piece
[05Jul2026 09:13:18.809] [main/DEBUG] [net.minecraftforge.registries.GameData/REGISTRIES]: Holder lookups applied: minecraft:worldgen/structure_piece
[05Jul2026 09:13:18.809] [main/DEBUG] [net.minecraftforge.registries.GameData/REGISTRIES]: Applying holder lookups: minecraft:worldgen/structure_type
[05Jul2026 09:13:18.809] [main/DEBUG] [net.minecraftforge.registries.GameData/REGISTRIES]: Holder lookups applied: minecraft:worldgen/structure_type
[05Jul2026 09:13:18.809] [main/DEBUG] [net.minecraftforge.registries.GameData/REGISTRIES]: Applying holder lookups: minecraft:worldgen/placement_modifier_type
[05Jul2026 09:13:18.810] [main/DEBUG] [net.minecraftforge.registries.GameData/REGISTRIES]: Holder lookups applied: minecraft:worldgen/placement_modifier_type
[05Jul2026 09:13:18.810] [main/DEBUG] [net.minecraftforge.registries.GameData/REGISTRIES]: Applying holder lookups: minecraft:worldgen/block_state_provider_type
[05Jul2026 09:13:18.810] [main/DEBUG] [net.minecraftforge.registries.GameData/REGISTRIES]: Holder lookups applied: minecraft:worldgen/block_state_provider_type
[05Jul2026 09:13:18.810] [main/DEBUG] [net.minecraftforge.registries.GameData/REGISTRIES]: Applying holder lookups: minecraft:worldgen/foliage_placer_type
[05Jul2026 09:13:18.811] [main/DEBUG] [net.minecraftforge.registries.GameData/REGISTRIES]: Holder lookups applied: minecraft:worldgen/foliage_placer_type
[05Jul2026 09:13:18.811] [main/DEBUG] [net.minecraftforge.registries.GameData/REGISTRIES]: Applying holder lookups: minecraft:worldgen/trunk_placer_type
[05Jul2026 09:13:18.811] [main/DEBUG] [net.minecraftforge.registries.GameData/REGISTRIES]: Holder lookups applied: minecraft:worldgen/trunk_placer_type
[05Jul2026 09:13:18.811] [main/DEBUG] [net.minecraftforge.registries.GameData/REGISTRIES]: Applying holder lookups: minecraft:worldgen/root_placer_type
[05Jul2026 09:13:18.812] [main/DEBUG] [net.minecraftforge.registries.GameData/REGISTRIES]: Holder lookups applied: minecraft:worldgen/root_placer_type
[05Jul2026 09:13:18.812] [main/DEBUG] [net.minecraftforge.registries.GameData/REGISTRIES]: Applying holder lookups: minecraft:worldgen/tree_decorator_type
[05Jul2026 09:13:18.812] [main/DEBUG] [net.minecraftforge.registries.GameData/REGISTRIES]: Holder lookups applied: minecraft:worldgen/tree_decorator_type
[05Jul2026 09:13:18.812] [main/DEBUG] [net.minecraftforge.registries.GameData/REGISTRIES]: Applying holder lookups: minecraft:worldgen/feature_size_type
[05Jul2026 09:13:18.813] [main/DEBUG] [net.minecraftforge.registries.GameData/REGISTRIES]: Holder lookups applied: minecraft:worldgen/feature_size_type
[05Jul2026 09:13:18.813] [main/DEBUG] [net.minecraftforge.registries.GameData/REGISTRIES]: Applying holder lookups: minecraft:worldgen/biome_source
[05Jul2026 09:13:18.814] [main/DEBUG] [net.minecraftforge.registries.GameData/REGISTRIES]: Holder lookups applied: minecraft:worldgen/biome_source
[05Jul2026 09:13:18.814] [main/DEBUG] [net.minecraftforge.registries.GameData/REGISTRIES]: Applying holder lookups: minecraft:worldgen/chunk_generator
[05Jul2026 09:13:18.814] [main/DEBUG] [net.minecraftforge.registries.GameData/REGISTRIES]: Holder lookups applied: minecraft:worldgen/chunk_generator
[05Jul2026 09:13:18.814] [main/DEBUG] [net.minecraftforge.registries.GameData/REGISTRIES]: Applying holder lookups: minecraft:worldgen/material_condition
[05Jul2026 09:13:18.815] [main/DEBUG] [net.minecraftforge.registries.GameData/REGISTRIES]: Holder lookups applied: minecraft:worldgen/material_condition
[05Jul2026 09:13:18.815] [main/DEBUG] [net.minecraftforge.registries.GameData/REGISTRIES]: Applying holder lookups: minecraft:worldgen/material_rule
[05Jul2026 09:13:18.815] [main/DEBUG] [net.minecraftforge.registries.GameData/REGISTRIES]: Holder lookups applied: minecraft:worldgen/material_rule
[05Jul2026 09:13:18.815] [main/DEBUG] [net.minecraftforge.registries.GameData/REGISTRIES]: Applying holder lookups: minecraft:worldgen/density_function_type
[05Jul2026 09:13:18.815] [main/DEBUG] [net.minecraftforge.registries.GameData/REGISTRIES]: Holder lookups applied: minecraft:worldgen/density_function_type
[05Jul2026 09:13:18.816] [main/DEBUG] [net.minecraftforge.registries.GameData/REGISTRIES]: Applying holder lookups: minecraft:worldgen/structure_pool_element
[05Jul2026 09:13:18.816] [main/DEBUG] [net.minecraftforge.registries.GameData/REGISTRIES]: Holder lookups applied: minecraft:worldgen/structure_pool_element
[05Jul2026 09:13:18.816] [main/DEBUG] [net.minecraftforge.registries.GameData/REGISTRIES]: Applying holder lookups: minecraft:cat_variant
[05Jul2026 09:13:18.816] [main/DEBUG] [net.minecraftforge.registries.GameData/REGISTRIES]: Holder lookups applied: minecraft:cat_variant
[05Jul2026 09:13:18.816] [main/DEBUG] [net.minecraftforge.registries.GameData/REGISTRIES]: Applying holder lookups: minecraft:frog_variant
[05Jul2026 09:13:18.817] [main/DEBUG] [net.minecraftforge.registries.GameData/REGISTRIES]: Holder lookups applied: minecraft:frog_variant
[05Jul2026 09:13:18.817] [main/DEBUG] [net.minecraftforge.registries.GameData/REGISTRIES]: Applying holder lookups: minecraft:banner_pattern
[05Jul2026 09:13:18.817] [main/DEBUG] [net.minecraftforge.registries.GameData/REGISTRIES]: Holder lookups applied: minecraft:banner_pattern
[05Jul2026 09:13:18.817] [main/DEBUG] [net.minecraftforge.registries.GameData/REGISTRIES]: Applying holder lookups: minecraft:instrument
[05Jul2026 09:13:18.818] [main/DEBUG] [net.minecraftforge.registries.GameData/REGISTRIES]: Holder lookups applied: minecraft:instrument
[05Jul2026 09:13:18.818] [main/DEBUG] [net.minecraftforge.registries.GameData/REGISTRIES]: Applying holder lookups: minecraft:decorated_pot_patterns
[05Jul2026 09:13:18.819] [main/DEBUG] [net.minecraftforge.registries.GameData/REGISTRIES]: Holder lookups applied: minecraft:decorated_pot_patterns
[05Jul2026 09:13:18.821] [main/DEBUG] [net.minecraftforge.registries.GameData/REGISTRIES]: Applying holder lookups: minecraft:creative_mode_tab
[05Jul2026 09:13:18.822] [main/DEBUG] [net.minecraftforge.registries.GameData/REGISTRIES]: Holder lookups applied: minecraft:creative_mode_tab
[05Jul2026 09:13:18.829] [main/DEBUG] [net.minecraftforge.registries.GameData/REGISTRIES]: Applying holder lookups: forge:biome_modifier_serializers
[05Jul2026 09:13:18.830] [main/DEBUG] [net.minecraftforge.registries.GameData/REGISTRIES]: Holder lookups applied: forge:biome_modifier_serializers
[05Jul2026 09:13:18.831] [main/DEBUG] [net.minecraftforge.registries.GameData/REGISTRIES]: Applying holder lookups: forge:display_contexts
[05Jul2026 09:13:18.832] [main/DEBUG] [net.minecraftforge.registries.GameData/REGISTRIES]: Holder lookups applied: forge:display_contexts
[05Jul2026 09:13:18.833] [main/DEBUG] [net.minecraftforge.registries.GameData/REGISTRIES]: Applying holder lookups: forge:entity_data_serializers
[05Jul2026 09:13:18.834] [main/DEBUG] [net.minecraftforge.registries.GameData/REGISTRIES]: Holder lookups applied: forge:entity_data_serializers
[05Jul2026 09:13:18.837] [main/DEBUG] [net.minecraftforge.registries.GameData/REGISTRIES]: Applying holder lookups: forge:fluid_type
[05Jul2026 09:13:18.838] [main/DEBUG] [net.minecraftforge.registries.GameData/REGISTRIES]: Holder lookups applied: forge:fluid_type
[05Jul2026 09:13:18.845] [main/DEBUG] [net.minecraftforge.registries.GameData/REGISTRIES]: Applying holder lookups: forge:global_loot_modifier_serializers
[05Jul2026 09:13:18.846] [main/DEBUG] [net.minecraftforge.registries.GameData/REGISTRIES]: Holder lookups applied: forge:global_loot_modifier_serializers
[05Jul2026 09:13:18.852] [main/DEBUG] [net.minecraftforge.registries.GameData/REGISTRIES]: Applying holder lookups: forge:holder_set_type
[05Jul2026 09:13:18.853] [main/DEBUG] [net.minecraftforge.registries.GameData/REGISTRIES]: Holder lookups applied: forge:holder_set_type
[05Jul2026 09:13:18.854] [main/DEBUG] [net.minecraftforge.registries.GameData/REGISTRIES]: Applying holder lookups: forge:structure_modifier_serializers
[05Jul2026 09:13:18.855] [main/DEBUG] [net.minecraftforge.registries.GameData/REGISTRIES]: Holder lookups applied: forge:structure_modifier_serializers
[05Jul2026 09:13:18.855] [main/DEBUG] [net.minecraftforge.registries.GameData/REGISTRIES]: Applying holder lookups: minecraft:worldgen/biome
[05Jul2026 09:13:18.855] [main/DEBUG] [net.minecraftforge.registries.GameData/REGISTRIES]: Holder lookups applied: minecraft:worldgen/biome
[05Jul2026 09:13:19.007] [main/WARN] [net.minecraft.server.packs.VanillaPackResourcesBuilder/]: Assets URL 'union:/C:/Users/riley/.gradle/caches/forge_gradle/minecraft_user_repo/net/minecraftforge/forge/1.20.1-47.2.1_mapped_parchment_2023.09.03-1.20.1/forge-1.20.1-47.2.1_mapped_parchment_2023.09.03-1.20.1-recomp.jar%23191!/assets/.mcassetsroot' uses unexpected schema
[05Jul2026 09:13:19.007] [main/WARN] [net.minecraft.server.packs.VanillaPackResourcesBuilder/]: Assets URL 'union:/C:/Users/riley/.gradle/caches/forge_gradle/minecraft_user_repo/net/minecraftforge/forge/1.20.1-47.2.1_mapped_parchment_2023.09.03-1.20.1/forge-1.20.1-47.2.1_mapped_parchment_2023.09.03-1.20.1-recomp.jar%23191!/data/.mcassetsroot' uses unexpected schema
[05Jul2026 09:13:19.805] [main/ERROR] [net.minecraftforge.fml.javafmlmod.FMLModContainer/]: Exception caught during firing event: Server returned HTTP response code: 400 for URL: https://sheets.googleapis.com/v4/spreadsheets/1nIuoznNlkud57_eE_piMSLIQAsQ9XRIiyzTBtwDC2kg/values/A66:AD2000?key=null
	Index: 1
	Listeners:
		0: NORMAL
		1: ASM: class com.alaharranhonor.swem.forge.datagen.DataGenerators gatherData(Lnet/minecraftforge/data/event/GatherDataEvent;)V
java.io.IOException: Server returned HTTP response code: 400 for URL: https://sheets.googleapis.com/v4/spreadsheets/1nIuoznNlkud57_eE_piMSLIQAsQ9XRIiyzTBtwDC2kg/values/A66:AD2000?key=null
	at java.base/sun.net.www.protocol.http.HttpURLConnection.getInputStream0(HttpURLConnection.java:2052)
	at java.base/sun.net.www.protocol.http.HttpURLConnection.getInputStream(HttpURLConnection.java:1641)
	at java.base/sun.net.www.protocol.https.HttpsURLConnectionImpl.getInputStream(HttpsURLConnectionImpl.java:224)
	at TRANSFORMER/swem@1.6.6/com.alaharranhonor.swem.forge.datagen.DataGenerators.gatherData(DataGenerators.java:113)
	at TRANSFORMER/swem@1.6.6/com.alaharranhonor.swem.forge.datagen.__DataGenerators_gatherData_GatherDataEvent.invoke(.dynamic)
	at MC-BOOTSTRAP/net.minecraftforge.eventbus/net.minecraftforge.eventbus.ASMEventHandler.invoke(ASMEventHandler.java:73)
	at MC-BOOTSTRAP/net.minecraftforge.eventbus/net.minecraftforge.eventbus.EventBus.post(EventBus.java:315)
	at MC-BOOTSTRAP/net.minecraftforge.eventbus/net.minecraftforge.eventbus.EventBus.post(EventBus.java:296)
	at LAYER PLUGIN/javafmllanguage@1.20.1-47.2.1/net.minecraftforge.fml.javafmlmod.FMLModContainer.acceptEvent(FMLModContainer.java:114)
	at LAYER PLUGIN/fmlcore@1.20.1-47.2.1/net.minecraftforge.fml.ModLoader.lambda$runEventGenerator$28(ModLoader.java:318)
	at java.base/java.lang.Iterable.forEach(Iterable.java:75)
	at LAYER PLUGIN/fmlcore@1.20.1-47.2.1/net.minecraftforge.fml.ModList.forEachModInOrder(ModList.java:227)
	at LAYER PLUGIN/fmlcore@1.20.1-47.2.1/net.minecraftforge.fml.ModLoader.runEventGenerator(ModLoader.java:318)
	at TRANSFORMER/forge@47.2.1/net.minecraftforge.data.loading.DatagenModLoader.begin(DatagenModLoader.java:52)
	at TRANSFORMER/minecraft@1.20.1/net.minecraft.data.Main.main(Main.java:90)
	at java.base/jdk.internal.reflect.NativeMethodAccessorImpl.invoke0(Native Method)
	at java.base/jdk.internal.reflect.NativeMethodAccessorImpl.invoke(NativeMethodAccessorImpl.java:77)
	at java.base/jdk.internal.reflect.DelegatingMethodAccessorImpl.invoke(DelegatingMethodAccessorImpl.java:43)
	at java.base/java.lang.reflect.Method.invoke(Method.java:569)
	at MC-BOOTSTRAP/fmlloader@1.20.1-47.2.1/net.minecraftforge.fml.loading.targets.CommonLaunchHandler.runTarget(CommonLaunchHandler.java:111)
	at MC-BOOTSTRAP/fmlloader@1.20.1-47.2.1/net.minecraftforge.fml.loading.targets.CommonLaunchHandler.dataService(CommonLaunchHandler.java:107)
	at MC-BOOTSTRAP/fmlloader@1.20.1-47.2.1/net.minecraftforge.fml.loading.targets.ForgeDataUserdevLaunchHandler.devService(ForgeDataUserdevLaunchHandler.java:22)
	at MC-BOOTSTRAP/fmlloader@1.20.1-47.2.1/net.minecraftforge.fml.loading.targets.CommonDevLaunchHandler.lambda$makeService$7(CommonDevLaunchHandler.java:135)
	at MC-BOOTSTRAP/cpw.mods.modlauncher@10.0.9/cpw.mods.modlauncher.LaunchServiceHandlerDecorator.launch(LaunchServiceHandlerDecorator.java:30)
	at MC-BOOTSTRAP/cpw.mods.modlauncher@10.0.9/cpw.mods.modlauncher.LaunchServiceHandler.launch(LaunchServiceHandler.java:53)
	at MC-BOOTSTRAP/cpw.mods.modlauncher@10.0.9/cpw.mods.modlauncher.LaunchServiceHandler.launch(LaunchServiceHandler.java:71)
	at MC-BOOTSTRAP/cpw.mods.modlauncher@10.0.9/cpw.mods.modlauncher.Launcher.run(Launcher.java:108)
	at MC-BOOTSTRAP/cpw.mods.modlauncher@10.0.9/cpw.mods.modlauncher.Launcher.main(Launcher.java:78)
	at MC-BOOTSTRAP/cpw.mods.modlauncher@10.0.9/cpw.mods.modlauncher.BootstrapLaunchConsumer.accept(BootstrapLaunchConsumer.java:26)
	at MC-BOOTSTRAP/cpw.mods.modlauncher@10.0.9/cpw.mods.modlauncher.BootstrapLaunchConsumer.accept(BootstrapLaunchConsumer.java:23)
	at cpw.mods.bootstraplauncher@1.1.2/cpw.mods.bootstraplauncher.BootstrapLauncher.main(BootstrapLauncher.java:141)

[05Jul2026 09:13:19.807] [main/ERROR] [net.minecraftforge.fml.javafmlmod.FMLModContainer/LOADING]: Caught exception during event net.minecraftforge.data.event.GatherDataEvent@47d0e949 dispatch for modid swem
java.io.IOException: Server returned HTTP response code: 400 for URL: https://sheets.googleapis.com/v4/spreadsheets/1nIuoznNlkud57_eE_piMSLIQAsQ9XRIiyzTBtwDC2kg/values/A66:AD2000?key=null
	at sun.net.www.protocol.http.HttpURLConnection.getInputStream0(HttpURLConnection.java:2052) ~[?:?]
	at sun.net.www.protocol.http.HttpURLConnection.getInputStream(HttpURLConnection.java:1641) ~[?:?]
	at sun.net.www.protocol.https.HttpsURLConnectionImpl.getInputStream(HttpsURLConnectionImpl.java:224) ~[?:?]
	at com.alaharranhonor.swem.forge.datagen.DataGenerators.gatherData(DataGenerators.java:113) ~[swem-582697-8095324_mapped_parchment_2023.09.03-1.20.1.jar%23200!/:1.6.6]
	at com.alaharranhonor.swem.forge.datagen.__DataGenerators_gatherData_GatherDataEvent.invoke(.dynamic) ~[swem-582697-8095324_mapped_parchment_2023.09.03-1.20.1.jar%23200!/:1.6.6]
	at net.minecraftforge.eventbus.ASMEventHandler.invoke(ASMEventHandler.java:73) ~[eventbus-6.0.5.jar:?]
	at net.minecraftforge.eventbus.EventBus.post(EventBus.java:315) ~[eventbus-6.0.5.jar:?]
	at net.minecraftforge.eventbus.EventBus.post(EventBus.java:296) ~[eventbus-6.0.5.jar:?]
	at net.minecraftforge.fml.javafmlmod.FMLModContainer.acceptEvent(FMLModContainer.java:114) ~[javafmllanguage-1.20.1-47.2.1.jar:?]
	at net.minecraftforge.fml.ModLoader.lambda$runEventGenerator$28(ModLoader.java:318) ~[fmlcore-1.20.1-47.2.1.jar:?]
	at java.lang.Iterable.forEach(Iterable.java:75) ~[?:?]
	at net.minecraftforge.fml.ModList.forEachModInOrder(ModList.java:227) ~[fmlcore-1.20.1-47.2.1.jar:?]
	at net.minecraftforge.fml.ModLoader.runEventGenerator(ModLoader.java:318) ~[fmlcore-1.20.1-47.2.1.jar:?]
	at net.minecraftforge.data.loading.DatagenModLoader.begin(DatagenModLoader.java:52) ~[forge-1.20.1-47.2.1_mapped_parchment_2023.09.03-1.20.1-recomp.jar:?]
	at net.minecraft.data.Main.main(Main.java:90) ~[forge-1.20.1-47.2.1_mapped_parchment_2023.09.03-1.20.1-recomp.jar:?]
	at jdk.internal.reflect.NativeMethodAccessorImpl.invoke0(Native Method) ~[?:?]
	at jdk.internal.reflect.NativeMethodAccessorImpl.invoke(NativeMethodAccessorImpl.java:77) ~[?:?]
	at jdk.internal.reflect.DelegatingMethodAccessorImpl.invoke(DelegatingMethodAccessorImpl.java:43) ~[?:?]
	at java.lang.reflect.Method.invoke(Method.java:569) ~[?:?]
	at net.minecraftforge.fml.loading.targets.CommonLaunchHandler.runTarget(CommonLaunchHandler.java:111) ~[fmlloader-1.20.1-47.2.1.jar:?]
	at net.minecraftforge.fml.loading.targets.CommonLaunchHandler.dataService(CommonLaunchHandler.java:107) ~[fmlloader-1.20.1-47.2.1.jar:?]
	at net.minecraftforge.fml.loading.targets.ForgeDataUserdevLaunchHandler.devService(ForgeDataUserdevLaunchHandler.java:22) ~[fmlloader-1.20.1-47.2.1.jar:?]
	at net.minecraftforge.fml.loading.targets.CommonDevLaunchHandler.lambda$makeService$7(CommonDevLaunchHandler.java:135) ~[fmlloader-1.20.1-47.2.1.jar:?]
	at cpw.mods.modlauncher.LaunchServiceHandlerDecorator.launch(LaunchServiceHandlerDecorator.java:30) ~[modlauncher-10.0.9.jar:?]
	at cpw.mods.modlauncher.LaunchServiceHandler.launch(LaunchServiceHandler.java:53) ~[modlauncher-10.0.9.jar:?]
	at cpw.mods.modlauncher.LaunchServiceHandler.launch(LaunchServiceHandler.java:71) ~[modlauncher-10.0.9.jar:?]
	at cpw.mods.modlauncher.Launcher.run(Launcher.java:108) ~[modlauncher-10.0.9.jar:?]
	at cpw.mods.modlauncher.Launcher.main(Launcher.java:78) ~[modlauncher-10.0.9.jar:?]
	at cpw.mods.modlauncher.BootstrapLaunchConsumer.accept(BootstrapLaunchConsumer.java:26) ~[modlauncher-10.0.9.jar:?]
	at cpw.mods.modlauncher.BootstrapLaunchConsumer.accept(BootstrapLaunchConsumer.java:23) ~[modlauncher-10.0.9.jar:?]
	at cpw.mods.bootstraplauncher.BootstrapLauncher.main(BootstrapLauncher.java:141) ~[bootstraplauncher-1.1.2.jar:?]
